<?xml version="1.0"?>
<doc>
    <assembly>
        <name>Luna.Publish.Functions</name>
    </assembly>
    <members>
        <member name="T:Luna.Publish.Functions.PublishingFunctions">
            <summary>
            The service maintains all Luna application, APIs and API versions
            </summary>
        </member>
        <member name="M:Luna.Publish.Functions.PublishingFunctions.CreateAutomationWebhook(Microsoft.AspNetCore.Http.HttpRequest,System.String)">
            <summary>
            Create an automation webhook
            </summary>
            <group>Review Settings</group>
            <verb>PUT</verb>
            <url>http://localhost:7071/api/reviewsettings/webhooks/{name}</url>
            <param name="name" required="true" cref="T:System.String" in="path">Name of the webhook</param>
            <param name="req" in="body">
                <see cref="T:Luna.Publish.Public.Client.AutomationWebhook"/>
                <example>
                    <value>
                        <see cref="F:Luna.Publish.Public.Client.AutomationWebhook.example"/>
                    </value>
                    <summary>
                        An example of Automation webhook
                    </summary>
                </example>
                Request contract
            </param>
            <response code="200">
                <see cref="T:Luna.Publish.Public.Client.AutomationWebhook"/>
                <example>
                    <value>
                        <see cref="F:Luna.Publish.Public.Client.AutomationWebhook.example"/>
                    </value>
                    <summary>
                        An example of Automation webhook
                    </summary>
                </example>
                Success
            </response>
            <security type="apiKey" name="x-functions-key">
                <description>Azure function key</description>
                <in>header</in>
            </security>
            <returns></returns>
        </member>
        <member name="M:Luna.Publish.Functions.PublishingFunctions.UpdateAutomationWebhook(Microsoft.AspNetCore.Http.HttpRequest,System.String)">
            <summary>
            Update an automation webhook
            </summary>
            <group>Review Settings</group>
            <verb>PATCH</verb>
            <url>http://localhost:7071/api/reviewsettings/webhooks/{name}</url>
            <param name="name" required="true" cref="T:System.String" in="path">Name of the automation webhook</param>
            <param name="req" in="body">
                <see cref="T:Luna.Publish.Public.Client.AutomationWebhook"/>
                <example>
                    <value>
                        <see cref="F:Luna.Publish.Public.Client.AutomationWebhook.example"/>
                    </value>
                    <summary>
                        An example of automation webhook
                    </summary>
                </example>
                Request contract
            </param>
            <response code="200">
                <see cref="T:Luna.Publish.Public.Client.AutomationWebhook"/>
                <example>
                    <value>
                        <see cref="F:Luna.Publish.Public.Client.AutomationWebhook.example"/>
                    </value>
                    <summary>
                        An example of automation webhook
                    </summary>
                </example>
                Success
            </response>
            <security type="apiKey" name="x-functions-key">
                <description>Azure function key</description>
                <in>header</in>
            </security>
            <returns></returns>
        </member>
        <member name="M:Luna.Publish.Functions.PublishingFunctions.DeleteAutomationWebhook(Microsoft.AspNetCore.Http.HttpRequest,System.String)">
            <summary>
            Delete an automation webhook
            </summary>
            <group>Review Settings</group>
            <verb>DELETE</verb>
            <url>http://localhost:7071/api/reviewsettings/webhooks/{name}</url>
            <param name="name" required="true" cref="T:System.String" in="path">Name of the automation webhook</param>
            <param name="req">The http request</param>
            <response code="204">Success</response>
            <security type="apiKey" name="x-functions-key">
                <description>Azure function key</description>
                <in>header</in>
            </security>
            <returns></returns>
        </member>
        <member name="M:Luna.Publish.Functions.PublishingFunctions.GetAutomationWebhook(Microsoft.AspNetCore.Http.HttpRequest,System.String)">
            <summary>
            Get an automation webhook
            </summary>
            <group>Review Settings</group>
            <verb>GET</verb>
            <url>http://localhost:7071/api/reviewsettings/webhooks/{name}</url>
            <param name="name" required="true" cref="T:System.String" in="path">Name of the automation webhook</param>
            <param name="req">http request</param>
            <response code="200">
                <see cref="T:Luna.Publish.Public.Client.AutomationWebhook"/>
                <example>
                    <value>
                        <see cref="F:Luna.Publish.Public.Client.AutomationWebhook.example"/>
                    </value>
                    <summary>
                        An example of automation webhook
                    </summary>
                </example>
                Success
            </response>
            <security type="apiKey" name="x-functions-key">
                <description>Azure function key</description>
                <in>header</in>
            </security>
            <returns></returns>
        </member>
        <member name="M:Luna.Publish.Functions.PublishingFunctions.ListAutomationWebhook(Microsoft.AspNetCore.Http.HttpRequest)">
            <summary>
            List automation webhooks
            </summary>
            <group>Application Review</group>
            <verb>GET</verb>
            <url>http://localhost:7071/api/reviewsettings/webhooks</url>
            <param name="req">http request</param>
            <response code="200">
                <see cref="T:System.Collections.Generic.List`1"/>
                where T is <see cref="T:Luna.Publish.Public.Client.AutomationWebhook"/>
                <example>
                    <value>
                        <see cref="F:Luna.Publish.Public.Client.AutomationWebhook.example"/>
                    </value>
                    <summary>
                        An example of automation webhook
                    </summary>
                </example>
                Success
            </response>
            <security type="apiKey" name="x-functions-key">
                <description>Azure function key</description>
                <in>header</in>
            </security>
            <returns></returns>
        </member>
        <member name="M:Luna.Publish.Functions.PublishingFunctions.CreateOrUpdateAzureMarketplaceOfferFromTemplate(Microsoft.AspNetCore.Http.HttpRequest,System.String)">
            <summary>
            Create or update an Azure Marketplace SaaS offer from template
            </summary>
            <group>Azure Marketplace</group>
            <verb>PUT</verb>
            <url>http://localhost:7071/api/marketplace/offers/{offerId}/template</url>
            <param name="offerId" required="true" cref="T:System.String" in="path">Id of marketplace SaaS offer</param>
            <param name="req" in="body">
                <see cref="T:Luna.Publish.Public.Client.MarketplaceOffer"/>
                <example>
                    <value>
                        <see cref="F:Luna.Publish.Public.Client.MarketplaceOffer.example"/>
                    </value>
                    <summary>
                        An example of Azure marketplace offer template
                    </summary>
                </example>
                Request contract
            </param>
            <response code="200">
                <see cref="T:Luna.Publish.Public.Client.MarketplaceOffer"/>
                <example>
                    <value>
                        <see cref="F:Luna.Publish.Public.Client.MarketplaceOffer.example"/>
                    </value>
                    <summary>
                        An example of Azure marketplace offer template
                    </summary>
                </example>
                Success
            </response>
            <security type="apiKey" name="x-functions-key">
                <description>Azure function key</description>
                <in>header</in>
            </security>
            <returns></returns>
        </member>
        <member name="M:Luna.Publish.Functions.PublishingFunctions.CreateAzureMarketplaceOffer(Microsoft.AspNetCore.Http.HttpRequest,System.String)">
            <summary>
            Create an Azure Marketplace SaaS offer
            </summary>
            <group>Azure Marketplace</group>
            <verb>PUT</verb>
            <url>http://localhost:7071/api/marketplace/offers/{offerId}</url>
            <param name="offerId" required="true" cref="T:System.String" in="path">Id of marketplace SaaS offer</param>
            <param name="req" in="body">
                <see cref="!:AzureMarketplaceOffer"/>
                <example>
                    <value>
                        <see cref="!:AzureMarketplaceOffer.example"/>
                    </value>
                    <summary>
                        An example of Azure marketplace offer
                    </summary>
                </example>
                Request contract
            </param>
            <response code="200">
                <see cref="!:AzureMarketplaceOffer"/>
                <example>
                    <value>
                        <see cref="!:AzureMarketplaceOffer.example"/>
                    </value>
                    <summary>
                        An example of Azure marketplace offer
                    </summary>
                </example>
                Success
            </response>
            <security type="apiKey" name="x-functions-key">
                <description>Azure function key</description>
                <in>header</in>
            </security>
            <returns></returns>
        </member>
        <member name="M:Luna.Publish.Functions.PublishingFunctions.UpdateAzureMarketplaceOffer(Microsoft.AspNetCore.Http.HttpRequest,System.String)">
            <summary>
            Update an Azure Marketplace SaaS offer
            </summary>
            <group>Azure Marketplace</group>
            <verb>PATCH</verb>
            <url>http://localhost:7071/api/marketplace/offers/{offerId}</url>
            <param name="offerId" required="true" cref="T:System.String" in="path">Id of marketplace SaaS offer</param>
            <param name="req" in="body">
                <see cref="!:AzureMarketplaceOffer"/>
                <example>
                    <value>
                        <see cref="!:AzureMarketplaceOffer.example"/>
                    </value>
                    <summary>
                        An example of Azure marketplace offer
                    </summary>
                </example>
                Request contract
            </param>
            <response code="200">
                <see cref="!:AzureMarketplaceOffer"/>
                <example>
                    <value>
                        <see cref="!:AzureMarketplaceOffer.example"/>
                    </value>
                    <summary>
                        An example of Azure marketplace offer
                    </summary>
                </example>
                Success
            </response>
            <security type="apiKey" name="x-functions-key">
                <description>Azure function key</description>
                <in>header</in>
            </security>
            <returns></returns>
        </member>
        <member name="M:Luna.Publish.Functions.PublishingFunctions.PublishAzureMarketplaceOffer(Microsoft.AspNetCore.Http.HttpRequest,System.String)">
            <summary>
            Publish an Azure Marketplace SaaS offer
            </summary>
            <group>Azure Marketplace</group>
            <verb>POST</verb>
            <url>http://localhost:7071/api/marketplace/offers/{offerId}/publish</url>
            <param name="offerId" required="true" cref="T:System.String" in="path">Id of marketplace SaaS offer</param>
            <param name="req">The http request</param>
            <response code="204">Success</response>
            <security type="apiKey" name="x-functions-key">
                <description>Azure function key</description>
                <in>header</in>
            </security>
            <returns></returns>
        </member>
        <member name="M:Luna.Publish.Functions.PublishingFunctions.DeleteAzureMarketplaceOffer(Microsoft.AspNetCore.Http.HttpRequest,System.String)">
            <summary>
            Delete an Azure Marketplace SaaS offer
            </summary>
            <group>Azure Marketplace</group>
            <verb>DELETE</verb>
            <url>http://localhost:7071/api/marketplace/offers/{offerId}</url>
            <param name="offerId" required="true" cref="T:System.String" in="path">Id of marketplace SaaS offer</param>
            <param name="req">The http request</param>
            <response code="204">Success</response>
            <security type="apiKey" name="x-functions-key">
                <description>Azure function key</description>
                <in>header</in>
            </security>
            <returns></returns>
        </member>
        <member name="M:Luna.Publish.Functions.PublishingFunctions.GetAzureMarketplaceOffer(Microsoft.AspNetCore.Http.HttpRequest,System.String)">
            <summary>
            Get an Azure Marketplace SaaS offer
            </summary>
            <group>Azure Marketplace</group>
            <verb>GET</verb>
            <url>http://localhost:7071/api/marketplace/offers/{offerId}</url>
            <param name="offerId" required="true" cref="T:System.String" in="path">Id of marketplace SaaS offer</param>
            <param name="req">http request</param>
            <response code="200">
                <see cref="!:AzureMarketplaceOffer"/>
                <example>
                    <value>
                        <see cref="!:AzureMarketplaceOffer.example"/>
                    </value>
                    <summary>
                        An example of Azure marketplace offer
                    </summary>
                </example>
                Success
            </response>
            <security type="apiKey" name="x-functions-key">
                <description>Azure function key</description>
                <in>header</in>
            </security>
            <returns></returns>
        </member>
        <member name="M:Luna.Publish.Functions.PublishingFunctions.ListAzureMarketplaceOffers(Microsoft.AspNetCore.Http.HttpRequest)">
            <summary>
            List Azure Marketplace SaaS offers
            </summary>
            <group>Azure Marketplace</group>
            <verb>GET</verb>
            <url>http://localhost:7071/api/marketplace/offers</url>
            <param name="req">http request</param>
            <response code="200">
                <see cref="T:System.Collections.Generic.List`1"/>
                where T is <see cref="!:AzureMarketplaceOffer"/>
                <example>
                    <value>
                        <see cref="!:AzureMarketplaceOffer.example"/>
                    </value>
                    <summary>
                        An example of Azure marketplace offer
                    </summary>
                </example>
                Success
            </response>
            <security type="apiKey" name="x-functions-key">
                <description>Azure function key</description>
                <in>header</in>
            </security>
            <returns></returns>
        </member>
        <member name="M:Luna.Publish.Functions.PublishingFunctions.CreateMarketplacePlan(Microsoft.AspNetCore.Http.HttpRequest,System.String,System.String)">
            <summary>
            Create a plan in an Azure Marketplace SaaS offer
            </summary>
            <group>Azure Marketplace</group>
            <verb>PUT</verb>
            <url>http://localhost:7071/api/marketplace/offers/{offerId}/plans/{planId}</url>
            <param name="offerId" required="true" cref="T:System.String" in="path">Id of marketplace SaaS offer</param>
            <param name="planId" required="true" cref="T:System.String" in="path">Id of marketplace SaaS plan</param>
            <param name="req" in="body">
                <see cref="T:Luna.Publish.Public.Client.MarketplacePlan"/>
                <example>
                    <value>
                        <see cref="F:Luna.Publish.Public.Client.MarketplacePlan.example"/>
                    </value>
                    <summary>
                        An example of Azure marketplace plan
                    </summary>
                </example>
                Request contract
            </param>
            <response code="200">
                <see cref="T:Luna.Publish.Public.Client.MarketplacePlan"/>
                <example>
                    <value>
                        <see cref="F:Luna.Publish.Public.Client.MarketplacePlan.example"/>
                    </value>
                    <summary>
                        An example of Azure marketplace plan
                    </summary>
                </example>
                Success
            </response>
            <security type="apiKey" name="x-functions-key">
                <description>Azure function key</description>
                <in>header</in>
            </security>
            <returns></returns>
        </member>
        <member name="M:Luna.Publish.Functions.PublishingFunctions.UpdateMarketplacePlan(Microsoft.AspNetCore.Http.HttpRequest,System.String,System.String)">
            <summary>
            Update a plan in an Azure Marketplace SaaS offer
            </summary>
            <group>Azure Marketplace</group>
            <verb>PATCH</verb>
            <url>http://localhost:7071/api/marketplace/offers/{offerId}/plans/{planId}</url>
            <param name="offerId" required="true" cref="T:System.String" in="path">Id of marketplace SaaS offer</param>
            <param name="planId" required="true" cref="T:System.String" in="path">Id of marketplace SaaS plan</param>
            <param name="req" in="body">
                <see cref="T:Luna.Publish.Public.Client.MarketplacePlan"/>
                <example>
                    <value>
                        <see cref="F:Luna.Publish.Public.Client.MarketplacePlan.example"/>
                    </value>
                    <summary>
                        An example of Azure marketplace plan
                    </summary>
                </example>
                Request contract
            </param>
            <response code="200">
                <see cref="T:Luna.Publish.Public.Client.MarketplacePlan"/>
                <example>
                    <value>
                        <see cref="F:Luna.Publish.Public.Client.MarketplacePlan.example"/>
                    </value>
                    <summary>
                        An example of Azure marketplace plan
                    </summary>
                </example>
                Success
            </response>
            <security type="apiKey" name="x-functions-key">
                <description>Azure function key</description>
                <in>header</in>
            </security>
            <returns></returns>
        </member>
        <member name="M:Luna.Publish.Functions.PublishingFunctions.DeleteMarketplacePlan(Microsoft.AspNetCore.Http.HttpRequest,System.String,System.String)">
            <summary>
            Delete a plan in an Azure Marketplace SaaS offer
            </summary>
            <group>Azure Marketplace</group>
            <verb>DELETE</verb>
            <url>http://localhost:7071/api/marketplace/offers/{offerId}/plans/{planId}</url>
            <param name="offerId" required="true" cref="T:System.String" in="path">Id of marketplace SaaS offer</param>
            <param name="planId" required="true" cref="T:System.String" in="path">Id of marketplace SaaS plan</param>
            <param name="req">The http request</param>
            <response code="204">Success</response>
            <security type="apiKey" name="x-functions-key">
                <description>Azure function key</description>
                <in>header</in>
            </security>
            <returns></returns>
        </member>
        <member name="M:Luna.Publish.Functions.PublishingFunctions.GetMarketplacePlan(Microsoft.AspNetCore.Http.HttpRequest,System.String,System.String)">
            <summary>
            Get a plan in an Azure Marketplace SaaS offer
            </summary>
            <group>Azure Marketplace</group>
            <verb>GET</verb>
            <url>http://localhost:7071/api/marketplace/offers/{offerId}/plans/{planId}</url>
            <param name="offerId" required="true" cref="T:System.String" in="path">Id of marketplace SaaS offer</param>
            <param name="planId" required="true" cref="T:System.String" in="path">Id of marketplace SaaS plan</param>
            <param name="req">http request</param>
            <response code="200">
                <see cref="T:Luna.Publish.Public.Client.MarketplacePlan"/>
                <example>
                    <value>
                        <see cref="F:Luna.Publish.Public.Client.MarketplacePlan.example"/>
                    </value>
                    <summary>
                        An example of Azure marketplace plan
                    </summary>
                </example>
                Success
            </response>
            <security type="apiKey" name="x-functions-key">
                <description>Azure function key</description>
                <in>header</in>
            </security>
            <returns></returns>
        </member>
        <member name="M:Luna.Publish.Functions.PublishingFunctions.ListMarketplacePlans(Microsoft.AspNetCore.Http.HttpRequest,System.String)">
            <summary>
            List plans in an Azure Marketplace SaaS offer
            </summary>
            <group>Azure Marketplace</group>
            <verb>GET</verb>
            <url>http://localhost:7071/api/marketplace/offers/{offerId}/plans</url>
            <param name="offerId" required="true" cref="T:System.String" in="path">Id of marketplace SaaS offer</param>
            <param name="req">http request</param>
            <response code="200">
                <see cref="T:System.Collections.Generic.List`1"/>
                where T is<see cref="T:Luna.Publish.Public.Client.MarketplacePlan"/>
                <example>
                    <value>
                        <see cref="F:Luna.Publish.Public.Client.MarketplacePlan.example"/>
                    </value>
                    <summary>
                        An example of Azure marketplace plan
                    </summary>
                </example>
                Success
            </response>
            <security type="apiKey" name="x-functions-key">
                <description>Azure function key</description>
                <in>header</in>
            </security>
            <returns></returns>
        </member>
        <member name="M:Luna.Publish.Functions.PublishingFunctions.ListLunaApplications(Microsoft.AspNetCore.Http.HttpRequest)">
            <summary>
            List all applications
            </summary>
            <group>Application</group>
            <verb>GET</verb>
            <url>http://localhost:7071/api/applicationss</url>
            <response code="200">
                <see cref="T:System.Collections.Generic.List`1"/>
                where T is <see cref="T:Luna.Publish.Public.Client.LunaApplication"/>
                Success
            </response>
            <security type="apiKey" name="x-functions-key">
                <description>Azure function key</description>
                <in>header</in>
            </security>
            <returns></returns>
        </member>
        <member name="M:Luna.Publish.Functions.PublishingFunctions.GetLunaApplicationMasterKeys(Microsoft.AspNetCore.Http.HttpRequest,System.String)">
            <summary>
            Get Luna application master keys
            </summary>
            <group>Application</group>
            <verb>GET</verb>
            <url>http://localhost:7071/api/applicationss/{name}/masterkeys</url>
            <param name="name" required="true" cref="T:System.String" in="path">The name of the application</param>
            <response code="200">
                <see cref="T:Luna.Publish.Public.Client.LunaApplicationMasterKeys"/>
                <example>
                    <value>
                        <see cref="F:Luna.Publish.Public.Client.LunaApplicationMasterKeys.example"/>
                    </value>
                    <summary>
                        An example of Luna application master keys
                    </summary>
                </example>
                Success
            </response>
            <security type="apiKey" name="x-functions-key">
                <description>Azure function key</description>
                <in>header</in>
            </security>
            <returns></returns>
        </member>
        <member name="M:Luna.Publish.Functions.PublishingFunctions.GetLunaApplication(Microsoft.AspNetCore.Http.HttpRequest,System.String)">
            <summary>
            Get a Luna application
            </summary>
            <group>Application</group>
            <verb>GET</verb>
            <url>http://localhost:7071/api/applications/{name}</url>
            <param name="name" required="true" cref="T:System.String" in="path">The name of the application</param>
            <response code="200">
                <see cref="T:Luna.Publish.Public.Client.LunaApplication"/>
                <example>
                    <value>
                        <see cref="F:Luna.Publish.Public.Client.LunaApplication.example"/>
                    </value>
                    <summary>
                        An example of Luna application
                    </summary>
                </example>
                Success
            </response>
            <security type="apiKey" name="x-functions-key">
                <description>Azure function key</description>
                <in>header</in>
            </security>
            <returns></returns>
        </member>
        <member name="M:Luna.Publish.Functions.PublishingFunctions.CreateLunaApplication(Microsoft.AspNetCore.Http.HttpRequest,System.String)">
            <summary>
            Create a Luna application
            </summary>
            <group>Application</group>
            <verb>PUT</verb>
            <url>http://localhost:7071/api/applications/{name}</url>
            <param name="name" required="true" cref="T:System.String" in="path">Name of Luna application</param>
            <param name="req" in="body">
                <see cref="T:Luna.Publish.Public.Client.LunaApplicationProp"/>
                <example>
                    <value>
                        <see cref="F:Luna.Publish.Public.Client.LunaApplicationProp.example"/>
                    </value>
                    <summary>
                        An example of Luna application properties
                    </summary>
                </example>
                Request contract
            </param>
            <response code="200">
                <see cref="T:Luna.Publish.Public.Client.LunaApplicationProp"/>
                <example>
                    <value>
                        <see cref="F:Luna.Publish.Public.Client.LunaApplicationProp.example"/>
                    </value>
                    <summary>
                        An example of Luna application properties
                    </summary>
                </example>
                Success
            </response>
            <security type="apiKey" name="x-functions-key">
                <description>Azure function key</description>
                <in>header</in>
            </security>
            <returns></returns>
        </member>
        <member name="M:Luna.Publish.Functions.PublishingFunctions.UpdateLunaApplication(Microsoft.AspNetCore.Http.HttpRequest,System.String)">
            <summary>
            Update a Luna application
            </summary>
            <group>Application</group>
            <verb>PATCH</verb>
            <url>http://localhost:7071/api/applications/{name}</url>
            <param name="name" required="true" cref="T:System.String" in="path">Name of Luna application</param>
            <param name="req" in="body">
                <see cref="T:Luna.Publish.Public.Client.LunaApplicationProp"/>
                <example>
                    <value>
                        <see cref="F:Luna.Publish.Public.Client.LunaApplicationProp.example"/>
                    </value>
                    <summary>
                        An example of Luna application properties
                    </summary>
                </example>
                Request contract
            </param>
            <response code="200">
                <see cref="T:Luna.Publish.Public.Client.LunaApplicationProp"/>
                <example>
                    <value>
                        <see cref="F:Luna.Publish.Public.Client.LunaApplicationProp.example"/>
                    </value>
                    <summary>
                        An example of Luna application properties
                    </summary>
                </example>
                Success
            </response>
            <security type="apiKey" name="x-functions-key">
                <description>Azure function key</description>
                <in>header</in>
            </security>
            <returns></returns>
        </member>
        <member name="M:Luna.Publish.Functions.PublishingFunctions.DeleteLunaApplication(Microsoft.AspNetCore.Http.HttpRequest,System.String)">
            <summary>
            Delete a Luna application
            </summary>
            <group>Application</group>
            <verb>DELETE</verb>
            <url>http://localhost:7071/api/applications/{name}</url>
            <param name="name" required="true" cref="T:System.String" in="path">Name of Luna application</param>
            <param name="req">The http request</param>
            <response code="204">
                Success
            </response>
            <security type="apiKey" name="x-functions-key">
                <description>Azure function key</description>
                <in>header</in>
            </security>
            <returns></returns>
        </member>
        <member name="M:Luna.Publish.Functions.PublishingFunctions.RegenerateApplicationMasterKey(Microsoft.AspNetCore.Http.HttpRequest,System.String)">
            <summary>
            Regenerate Luna application master keys
            </summary>
            <group>Application</group>
            <verb>POST</verb>
            <url>http://localhost:7071/api/applications/{name}/regenerateMasterKeys</url>
            <param name="name" required="true" cref="T:System.String" in="path">Name of Luna application</param>
            <param name="key-name-name" required="true" cref="T:System.String" in="query">
                <example>
                    <value>
                        PrimaryKey
                    </value>
                    <summary>
                        An example of Luna application master key name
                    </summary>
                </example>
                The key name. Valid values are PrimaryKey or SecondaryKey
            </param>
            <response code="200">
                <see cref="T:Luna.Publish.Public.Client.LunaApplicationMasterKeys"/>
                <example>
                    <value>
                        <see cref="F:Luna.Publish.Public.Client.LunaApplicationMasterKeys.example"/>
                    </value>
                    <summary>
                        An example of Luna application master keys
                    </summary>
                </example>
                Success
            </response>
            <security type="apiKey" name="x-functions-key">
                <description>Azure function key</description>
                <in>header</in>
            </security>
            <returns></returns>
        </member>
        <member name="M:Luna.Publish.Functions.PublishingFunctions.PublishLunaApplication(Microsoft.AspNetCore.Http.HttpRequest,System.String)">
            <summary>
            Publish a Luna application
            </summary>
            <group>Application</group>
            <verb>POST</verb>
            <url>http://localhost:7071/api/applications/{name}/publish</url>
            <param name="name" required="true" cref="T:System.String" in="path">Name of Luna application</param>
            <param name="req">The http request</param>
            <response code="204">
                Success
            </response>
            <security type="apiKey" name="x-functions-key">
                <description>Azure function key</description>
                <in>header</in>
            </security>
            <returns></returns>
        </member>
        <member name="M:Luna.Publish.Functions.PublishingFunctions.ListLunaAPIs(Microsoft.AspNetCore.Http.HttpRequest,System.String)">
            <summary>
            List Luna APIs in the specified application
            </summary>
            <group>API</group>
            <verb>GET</verb>
            <url>http://localhost:7071/api/applications/{name}/apis</url>
            <param name="appName" required="true" cref="T:System.String" in="path">Name of Luna application</param>
            <param name="req">The http request</param>
            <response code="200">
                <see cref="T:System.Collections.Generic.List`1"/>
                where T is <see cref="T:Luna.Publish.Public.Client.LunaAPI"/>
                Success
            </response>
            <security type="apiKey" name="x-functions-key">
                <description>Azure function key</description>
                <in>header</in>
            </security>
            <returns></returns>
        </member>
        <member name="M:Luna.Publish.Functions.PublishingFunctions.CreateLunaAPI(Microsoft.AspNetCore.Http.HttpRequest,System.String,System.String)">
            <summary>
            Create an API in the specified Luna application
            </summary>
            <group>API</group>
            <verb>PUT</verb>
            <url>http://localhost:7071/api/applications/{appName}/apis/{apiName}</url>
            <param name="appName" required="true" cref="T:System.String" in="path">Name of Luna application</param>
            <param name="apiName" required="true" cref="T:System.String" in="path">Name of API</param>
            <param name="req" in="body">
                <see cref="T:Luna.Publish.Public.Client.BaseLunaAPIProp"/>
                <example>
                    <value>
                        <see cref="F:Luna.Publish.Public.Client.BaseLunaAPIProp.example"/>
                    </value>
                    <summary>
                        An example of Luna API
                    </summary>
                </example>
                Request contract
            </param>
            <response code="200">
                <see cref="T:Luna.Publish.Public.Client.BaseLunaAPIProp"/>
                <example>
                    <value>
                        <see cref="F:Luna.Publish.Public.Client.BaseLunaAPIProp.example"/>
                    </value>
                    <summary>
                        An example of Luna API
                    </summary>
                </example>
                Success
            </response>
            <security type="apiKey" name="x-functions-key">
                <description>Azure function key</description>
                <in>header</in>
            </security>
            <returns></returns>
        </member>
        <member name="M:Luna.Publish.Functions.PublishingFunctions.UpdateLunaAPI(Microsoft.AspNetCore.Http.HttpRequest,System.String,System.String)">
            <summary>
            Update an API in the specified Luna application
            </summary>
            <group>API</group>
            <verb>PATCH</verb>
            <url>http://localhost:7071/api/applications/{appName}/apis/{apiName}</url>
            <param name="appName" required="true" cref="T:System.String" in="path">Name of Luna application</param>
            <param name="apiName" required="true" cref="T:System.String" in="path">Name of API</param>
            <param name="req" in="body">
                <see cref="T:Luna.Publish.Public.Client.BaseLunaAPIProp"/>
                <example>
                    <value>
                        <see cref="F:Luna.Publish.Public.Client.BaseLunaAPIProp.example"/>
                    </value>
                    <summary>
                        An example of Luna API
                    </summary>
                </example>
                Request contract
            </param>
            <response code="200">
                <see cref="T:Luna.Publish.Public.Client.BaseLunaAPIProp"/>
                <example>
                    <value>
                        <see cref="F:Luna.Publish.Public.Client.BaseLunaAPIProp.example"/>
                    </value>
                    <summary>
                        An example of Luna API
                    </summary>
                </example>
                Success
            </response>
            <security type="apiKey" name="x-functions-key">
                <description>Azure function key</description>
                <in>header</in>
            </security>
            <returns></returns>
        </member>
        <member name="M:Luna.Publish.Functions.PublishingFunctions.DeleteLunaAPI(Microsoft.AspNetCore.Http.HttpRequest,System.String,System.String)">
            <summary>
            Delete an API from the specified Luna application
            </summary>
            <group>API</group>
            <verb>DELETE</verb>
            <url>http://localhost:7071/api/applications/{appName}/apis/{apiName}</url>
            <param name="appName" required="true" cref="T:System.String" in="path">Name of Luna application</param>
            <param name="apiName" required="true" cref="T:System.String" in="path">Name of API</param>
            <param name="req">The http request</param>
            <response code="204">Success</response>
            <security type="apiKey" name="x-functions-key">
                <description>Azure function key</description>
                <in>header</in>
            </security>
            <returns></returns>
        </member>
        <member name="M:Luna.Publish.Functions.PublishingFunctions.ListLunaAPIVersions(Microsoft.AspNetCore.Http.HttpRequest,System.String,System.String)">
            <summary>
            List all versions in specified Luna API
            </summary>
            <group>API Version</group>
            <verb>GET</verb>
            <url>http://localhost:7071/api/applications/{appName}/apis/{apiName}/versions</url>
            <param name="appName" required="true" cref="T:System.String" in="path">Name of Luna application</param>
            <param name="apiName" required="true" cref="T:System.String" in="path">Name of Luna API</param>
            <param name="req">The http request</param>
            <response code="200">
                <see cref="T:System.Collections.Generic.List`1"/>
                where T is <see cref="!:LunaAPIVersion"/>
                Success
            </response>
            <security type="apiKey" name="x-functions-key">
                <description>Azure function key</description>
                <in>header</in>
            </security>
            <returns></returns>
        </member>
        <member name="M:Luna.Publish.Functions.PublishingFunctions.CreateLunaAPIVersion(Microsoft.AspNetCore.Http.HttpRequest,System.String,System.String,System.String)">
            <summary>
            Create a version in the specified API
            </summary>
            <group>API Version</group>
            <verb>PUT</verb>
            <url>http://localhost:7071/api/applications/{appName}/apis/{apiName}/versions/{versionName}</url>
            <param name="appName" required="true" cref="T:System.String" in="path">Name of Luna application</param>
            <param name="apiName" required="true" cref="T:System.String" in="path">Name of API</param>
            <param name="versionName" required="true" cref="T:System.String" in="path">Name of API version</param>
            <param name="req" in="body">
                <see cref="T:Luna.Publish.Public.Client.BaseAPIVersionProp"/>
                <example>
                    <value>
                        <see cref="F:Luna.Publish.Public.Client.BaseAPIVersionProp.example"/>
                    </value>
                    <summary>
                        An example of Luna API version
                    </summary>
                </example>
                Request contract
            </param>
            <response code="200">
                <see cref="T:Luna.Publish.Public.Client.BaseAPIVersionProp"/>
                <example>
                    <value>
                        <see cref="F:Luna.Publish.Public.Client.BaseAPIVersionProp.example"/>
                    </value>
                    <summary>
                        An example of Luna API version
                    </summary>
                </example>
                Success
            </response>
            <security type="apiKey" name="x-functions-key">
                <description>Azure function key</description>
                <in>header</in>
            </security>
            <returns></returns>
        </member>
        <member name="M:Luna.Publish.Functions.PublishingFunctions.UpdateLunaAPIVersion(Microsoft.AspNetCore.Http.HttpRequest,System.String,System.String,System.String)">
            <summary>
            Update a version in the specified API
            </summary>
            <group>API Version</group>
            <verb>PATCH</verb>
            <url>http://localhost:7071/api/applications/{appName}/apis/{apiName}/versions/{versionName}</url>
            <param name="appName" required="true" cref="T:System.String" in="path">Name of Luna application</param>
            <param name="apiName" required="true" cref="T:System.String" in="path">Name of API</param>
            <param name="versionName" required="true" cref="T:System.String" in="path">Name of API version</param>
            <param name="req" in="body">
                <see cref="T:Luna.Publish.Public.Client.BaseAPIVersionProp"/>
                <example>
                    <value>
                        <see cref="F:Luna.Publish.Public.Client.BaseAPIVersionProp.example"/>
                    </value>
                    <summary>
                        An example of Luna API version
                    </summary>
                </example>
                Request contract
            </param>
            <response code="200">
                <see cref="T:Luna.Publish.Public.Client.BaseAPIVersionProp"/>
                <example>
                    <value>
                        <see cref="F:Luna.Publish.Public.Client.BaseAPIVersionProp.example"/>
                    </value>
                    <summary>
                        An example of Luna API version
                    </summary>
                </example>
                Success
            </response>
            <security type="apiKey" name="x-functions-key">
                <description>Azure function key</description>
                <in>header</in>
            </security>
            <returns></returns>
        </member>
        <member name="M:Luna.Publish.Functions.PublishingFunctions.DeleteLunaAPIVersion(Microsoft.AspNetCore.Http.HttpRequest,System.String,System.String,System.String)">
            <summary>
            Delete a version from the specified API
            </summary>
            <group>s</group>
            <verb>DELETE</verb>
            <url>http://localhost:7071/api/applications/{appName}/apis/{apiName}/versions/{versionName}</url>
            <param name="appName" required="true" cref="T:System.String" in="path">Name of Luna application</param>
            <param name="apiName" required="true" cref="T:System.String" in="path">Name of API</param>
            <param name="versionName" required="true" cref="T:System.String" in="path">Name of API version</param>
            <param name="req">Http request</param>
            <response code="204">Success</response>
            <security type="apiKey" name="x-functions-key">
                <description>Azure function key</description>
                <in>header</in>
            </security>
            <returns></returns>
        </member>
        <member name="M:Luna.Publish.Functions.PublishingFunctions.IsApplicationExist(System.String)">
            <summary>
            Check if the Luna application exsits
            </summary>
            <param name="appName">The application name</param>
            <returns>True if application exists, False otherwise</returns>
        </member>
        <member name="M:Luna.Publish.Functions.PublishingFunctions.IsAnyAPIExist(System.String)">
            <summary>
            Check if any Luna API exsits in the specified application
            </summary>
            <param name="appName">The application name</param>
            <returns>True if any API exists, False otherwise</returns>
        </member>
        <member name="M:Luna.Publish.Functions.PublishingFunctions.IsAPIExist(System.String,System.String)">
            <summary>
            Check if the Luna API exsits
            </summary>
            <param name="appName">The application name</param>
            <param name="apiName">The API name</param>
            <returns>True if API exists, False otherwise</returns>
        </member>
        <member name="M:Luna.Publish.Functions.PublishingFunctions.GetAPITypeIfExist(System.String,System.String)">
            <summary>
            Get the API type if the API exist
            </summary>
            <param name="appName">The application name</param>
            <param name="apiName">The API name</param>
            <returns>The API type if the API exist, null otherwise</returns>
        </member>
        <member name="M:Luna.Publish.Functions.PublishingFunctions.IsAPIVersionExist(System.String,System.String,System.String)">
            <summary>
            Check if the API version exist
            </summary>
            <param name="appName">The application name</param>
            <param name="apiName">The api name</param>
            <param name="versionName">The version name</param>
            <returns>True if the version exist, False otherwise</returns>
        </member>
        <member name="M:Luna.Publish.Functions.PublishingFunctions.IsAnyAPIVersionExist(System.String,System.String)">
            <summary>
            Check if any API version exist in the specified API
            </summary>
            <param name="appName">The application name</param>
            <param name="apiName">The api name</param>
            <returns>True if any version exist, False otherwise</returns>
        </member>
    </members>
</doc>
