{
  "generatedBy": "Microsoft.NET.Sdk.Functions-3.0.11",
  "configurationSource": "attributes",
  "bindings": [
    {
      "type": "httpTrigger",
      "route": "marketplace/offers/{offerId}/offerparameters",
      "methods": [
        "Get"
      ],
      "authLevel": "anonymous",
      "name": "req"
    }
  ],
  "disabled": false,
  "scriptFile": "../bin/Luna.Gallery.Functions.dll",
  "entryPoint": "Luna.Gallery.Functions.GalleryServiceFunctions.GetMarketplaceOfferParameters"
}