<?xml version="1.0"?>
<doc>
    <assembly>
        <name>Luna.PubSub.Functions</name>
    </assembly>
    <members>
        <member name="T:Luna.PubSub.Functions.PubSubFunctions">
            <summary>
            The service maintains all Luna application, APIs and API versions
            </summary>
        </member>
        <member name="M:Luna.PubSub.Functions.PubSubFunctions.GetEventStoreInfo(Microsoft.AspNetCore.Http.HttpRequest,System.String)">
            <summary>
            Get event store connection string
            </summary>
            <group>EventStore</group>
            <verb>GET</verb>
            <url>http://localhost:7071/api/eventStores/{name}</url>
            <param name="name" required="true" cref="T:System.String" in="path">Name of the event store</param>
            <param name="req">The http request</param>
            <response code="200">
                <see cref="T:Luna.PubSub.Public.Client.EventStoreInfo"/>
                <example>
                    <value>
                        <see cref="F:Luna.PubSub.Public.Client.EventStoreInfo.example"/>
                    </value>
                    <summary>
                        An example of event store info
                    </summary>
                </example>
                Success
            </response>
            <security type="apiKey" name="x-functions-key">
                <description>Azure function key</description>
                <in>header</in>
            </security>
            <returns></returns>
        </member>
        <member name="M:Luna.PubSub.Functions.PubSubFunctions.ListSortedEvents(Microsoft.AspNetCore.Http.HttpRequest,System.String)">
            <summary>
            Get events sorted by published time from specified event store
            </summary>
            <group>Event</group>
            <verb>GET</verb>
            <url>http://localhost:7071/api/eventStores/{name}/events</url>
            <param name="name" required="true" cref="T:System.String" in="path">Name of the event store</param>
            <param name="event-type-type" required="false" cref="T:System.String" in="query">The event type to query</param>
            <param name="event-after-after" required="false" cref="T:System.Int64" in="query">If specified, only get events generated after the specified event id</param>
            <param name="req">The http request</param>
            <response code="200">
                <see cref="T:System.Collections.Generic.List`1"/>
                where T is <see cref="T:Luna.PubSub.Public.Client.LunaBaseEventEntity"/>
                <example>
                    <value>
                        <see cref="F:Luna.PubSub.Public.Client.LunaBaseEventEntity.example"/>
                    </value>
                    <summary>
                        An example of event entity
                    </summary>
                </example>
                Success
            </response>
            <security type="apiKey" name="x-functions-key">
                <description>Azure function key</description>
                <in>header</in>
            </security>
            <returns></returns>
        </member>
        <member name="M:Luna.PubSub.Functions.PubSubFunctions.PublishEvent(Microsoft.AspNetCore.Http.HttpRequest,System.String)">
            <summary>
            Publish an event to the specified event store
            </summary>
            <group>Event</group>
            <verb>POST</verb>
            <url>http://localhost:7071/api/eventStores/{name}/events/publish</url>
            <param name="name" required="true" cref="T:System.String" in="path">Name of event store</param>
            <param name="req" in="body">
                <see cref="T:Luna.PubSub.Public.Client.LunaBaseEventEntity"/>
                <example>
                    <value>
                        <see cref="F:Luna.PubSub.Public.Client.LunaBaseEventEntity.example"/>
                    </value>
                    <summary>
                        An example of event entity
                    </summary>
                </example>
                Request contract
            </param>
            <response code="200">
                <see cref="T:Luna.PubSub.Public.Client.LunaBaseEventEntity"/>
                <example>
                    <value>
                        <see cref="F:Luna.PubSub.Public.Client.LunaBaseEventEntity.example"/>
                    </value>
                    <summary>
                        An example of event entity
                    </summary>
                </example>
                Success
            </response>
            <security type="apiKey" name="x-functions-key">
                <description>Azure function key</description>
                <in>header</in>
            </security>
            <returns></returns>
        </member>
    </members>
</doc>
