<?xml version="1.0"?>
<doc>
    <assembly>
        <name>Luna.Partner.Functions</name>
    </assembly>
    <members>
        <member name="T:Luna.Partner.Functions.PartnerServiceFunctions">
            <summary>
            The service maintains all RBAC rules
            </summary>
        </member>
        <member name="M:Luna.Partner.Functions.PartnerServiceFunctions.GetMLHostServiceTypes(Microsoft.AspNetCore.Http.HttpRequest)">
            <summary>
            Get ML host service types
            </summary>
            <group>Metadata</group>
            <verb>GET</verb>
            <url>http://localhost:7071/api/partnerServices/hostservicetypes</url>
            <param name="req">The http request</param>
            <response code="200">
                <see cref="T:System.Collections.Generic.List`1"/>
                where T is <see cref="T:Luna.Partner.Public.Client.ServiceType"/>
                Success
            </response>
            <security type="apiKey" name="x-functions-key">
                <description>Azure function key</description>
                <in>header</in>
            </security>
            <returns></returns>
        </member>
        <member name="M:Luna.Partner.Functions.PartnerServiceFunctions.GetMLComputeServiceTypes(Microsoft.AspNetCore.Http.HttpRequest)">
            <summary>
            Get ML compute service types
            </summary>
            <group>Metadata</group>
            <verb>GET</verb>
            <url>http://localhost:7071/api/partnerServices/computeservicetypes</url>
            <param name="req">The http request</param>
            <response code="200">
                <see cref="T:System.Collections.Generic.List`1"/>
                where T is <see cref="T:Luna.Partner.Public.Client.ServiceType"/>
                Success
            </response>
            <security type="apiKey" name="x-functions-key">
                <description>Azure function key</description>
                <in>header</in>
            </security>
            <returns></returns>
        </member>
        <member name="M:Luna.Partner.Functions.PartnerServiceFunctions.GetMLComponentTypes(Microsoft.AspNetCore.Http.HttpRequest,System.String)">
            <summary>
            Get ML component types
            </summary>
            <group>Metadata</group>
            <verb>GET</verb>
            <url>http://localhost:7071/api/partnerServices/{serviceType}/mlcomponenttypes</url>
            <param name="serviceType" required="true" cref="T:System.String" in="path">The ML host service type</param>
            <param name="req">The http request</param>
            <response code="200">
                <see cref="T:System.Collections.Generic.List`1"/>
                where T is <see cref="T:Luna.Partner.Public.Client.ComponentType"/>
                Success
            </response>
            <security type="apiKey" name="x-functions-key">
                <description>Azure function key</description>
                <in>header</in>
            </security>
            <returns></returns>
        </member>
        <member name="M:Luna.Partner.Functions.PartnerServiceFunctions.GetMLComponents(Microsoft.AspNetCore.Http.HttpRequest,System.String,System.String)">
            <summary>
            Get ML components by type
            </summary>
            <group>Metadata</group>
            <verb>GET</verb>
            <url>http://localhost:7071/api/partnerServices/{serviceName}/mlcomponents/{componentType}</url>
            <param name="serviceName" required="true" cref="T:System.String" in="path">The partner service name</param>
            <param name="componentType" required="true" cref="T:System.String" in="path">The ML component type</param>
            <param name="req">The http request</param>
            <response code="200">
                <see cref="T:System.Collections.Generic.List`1"/>
                where T is <see cref="T:Luna.Partner.Public.Client.BaseMLComponent"/>
                Success
            </response>
            <security type="apiKey" name="x-functions-key">
                <description>Azure function key</description>
                <in>header</in>
            </security>
            <returns></returns>
        </member>
        <member name="M:Luna.Partner.Functions.PartnerServiceFunctions.GetPartnerService(Microsoft.AspNetCore.Http.HttpRequest,System.String)">
            <summary>
            Get a partner service
            </summary>
            <group>Partner service</group>
            <verb>GET</verb>
            <url>http://localhost:7071/api/partnerServices/{name}</url>
            <param name="req">The http request</param>
            <param name="name" required="true" cref="T:System.String" in="path">Name of the partner service</param>
            <response code="200"><see cref="T:Luna.Partner.Public.Client.BasePartnerServiceConfiguration"/>Success</response>
            <security type="apiKey" name="x-functions-key">
                <description>Azure function key</description>
                <in>header</in>
            </security>
            <returns></returns>
        </member>
        <member name="M:Luna.Partner.Functions.PartnerServiceFunctions.ListPartnerServicesByType(Microsoft.AspNetCore.Http.HttpRequest)">
            <summary>
            List partner services by type
            </summary>
            <group>Partner service</group>
            <verb>GET</verb>
            <url>http://localhost:7071/api/partnerServices</url>
            <param name="req">The http request</param>
            <param name="type" cref="T:System.String" in="query">Partner service type</param>
            <response code="200">
                <see cref="T:System.Collections.Generic.List`1"/>
                where T is <see cref="T:Luna.Partner.Public.Client.BasePartnerServiceConfiguration"/>
                Success
            </response>
            <security type="apiKey" name="x-functions-key">
                <description>Azure function key</description>
                <in>header</in>
            </security>
            <returns></returns>
        </member>
        <member name="M:Luna.Partner.Functions.PartnerServiceFunctions.UpdatePartnerService(Microsoft.AspNetCore.Http.HttpRequest,System.String)">
            <summary>
            Update a partner service
            </summary>
            <group>Partner service</group>
            <verb>PATCH</verb>
            <url>http://localhost:7071/api/partnerServices/{name}</url>
            <param name="name" required="true" cref="T:System.String" in="path">Name of the partner service</param>
            <param name="req" in="body">
                <see cref="T:Luna.Partner.Public.Client.BasePartnerServiceConfiguration"/>
                <example>
                    <value>
                        <see cref="F:Luna.Partner.Public.Client.BasePartnerServiceConfiguration.example"/>
                    </value>
                    <summary>
                        An example of Azure ML workspace as partner service
                    </summary>
                </example>
                Request contract
            </param>
            <response code="200"><see cref="T:Luna.Partner.Public.Client.BasePartnerServiceConfiguration"/>Success</response>
            <security type="apiKey" name="x-functions-key">
                <description>Azure function key</description>
                <in>header</in>
            </security>
            <returns></returns>
        </member>
        <member name="M:Luna.Partner.Functions.PartnerServiceFunctions.AddPartnerService(Microsoft.AspNetCore.Http.HttpRequest,System.String)">
            <summary>
            Add a partner service
            </summary>
            <group>Partner service</group>
            <verb>PUT</verb>
            <url>http://localhost:7071/api/partnerServices/{name}</url>
            <param name="name" required="true" cref="T:System.String" in="path">Name of the partner service</param>
            <param name="req" in="body">
                <see cref="T:Luna.Partner.Public.Client.BasePartnerServiceConfiguration"/>
                <example>
                    <value>
                        <see cref="F:Luna.Partner.Public.Client.BasePartnerServiceConfiguration.example"/>
                    </value>
                    <summary>
                        An example of Azure ML workspace as partner service
                    </summary>
                </example>
                Request contract
            </param>
            <response code="200"><see cref="T:Luna.Partner.Public.Client.BasePartnerServiceConfiguration"/>Success</response>
            <security type="apiKey" name="x-functions-key">
                <description>Azure function key</description>
                <in>header</in>
            </security>
            <returns></returns>
        </member>
        <member name="M:Luna.Partner.Functions.PartnerServiceFunctions.RemovePartnerService(Microsoft.AspNetCore.Http.HttpRequest,System.String)">
            <summary>
            Remove a partner service
            </summary>
            <group>Partner service</group>
            <verb>GET</verb>
            <url>http://localhost:7071/api/partnerServices/{name}</url>
            <param name="req">The http request</param>
            <param name="name" required="true" cref="T:System.String" in="path">Name of the partner service</param>
            <response code="204">Success</response>
            <security type="apiKey" name="x-functions-key">
                <description>Azure function key</description>
                <in>header</in>
            </security>
            <returns></returns>
        </member>
    </members>
</doc>
