<?xml version="1.0"?>
<doc>
    <assembly>
        <name>Luna.Routing.Functions</name>
    </assembly>
    <members>
        <member name="T:Luna.Routing.Functions.RoutingServiceFunctions">
            <summary>
            The service maintains all routings
            </summary>
        </member>
        <member name="M:Luna.Routing.Functions.RoutingServiceFunctions.ProcessApplicationEvents(System.String)">
            <summary>
            Process application events
            </summary>
            <param name="myQueueItem">The queue item</param>
            <returns></returns>
        </member>
        <member name="M:Luna.Routing.Functions.RoutingServiceFunctions.ProcessSubscriptionEvents(System.String)">
            <summary>
            Process subscription events
            </summary>
            <param name="myQueueItem">The queue item</param>
            <returns></returns>
        </member>
        <member name="M:Luna.Routing.Functions.RoutingServiceFunctions.CallEndpoint(Microsoft.AspNetCore.Http.HttpRequest,System.String,System.String,System.String)">
            <summary>
            Call an endpoint
            </summary>
            <param name="req">The http request</param>
            <param name="appName">The application name</param>
            <param name="apiName">The API name</param>
            <param name="operationName">The operation name</param>
            <returns></returns>
        </member>
        <member name="M:Luna.Routing.Functions.RoutingServiceFunctions.GetAPIMetadata(Microsoft.AspNetCore.Http.HttpRequest,System.String,System.String)">
            <summary>
            Get API metadata
            </summary>
            <param name="req">The http request</param>
            <param name="appName">The application name</param>
            <param name="apiName">The API name</param>
            <returns></returns>
        </member>
        <member name="M:Luna.Routing.Functions.RoutingServiceFunctions.ListOperations(Microsoft.AspNetCore.Http.HttpRequest,System.String,System.String)">
            <summary>
            List all operations
            </summary>
            <param name="req">The http request</param>
            <param name="appName">The application name</param>
            <param name="apiName">The API name</param>
            <returns></returns>
        </member>
        <member name="M:Luna.Routing.Functions.RoutingServiceFunctions.CancelOperation(Microsoft.AspNetCore.Http.HttpRequest,System.String,System.String,System.String)">
            <summary>
            Cancel an operation
            </summary>
            <param name="req">The http request</param>
            <param name="appName">The application name</param>
            <param name="apiName">The API name</param>
            <param name="operationId">The operation id</param>
            <returns></returns>
        </member>
        <member name="M:Luna.Routing.Functions.RoutingServiceFunctions.GetOperationStatus(Microsoft.AspNetCore.Http.HttpRequest,System.String,System.String,System.String)">
            <summary>
            Get operation status
            </summary>
            <param name="req">The http request</param>
            <param name="appName">The application name</param>
            <param name="apiName">The API name</param>
            <param name="operationId">The operation id</param>
            <returns></returns>
        </member>
        <member name="M:Luna.Routing.Functions.RoutingServiceFunctions.GetOperationOutput(Microsoft.AspNetCore.Http.HttpRequest,System.String,System.String,System.String)">
            <summary>
            Get operation output
            </summary>
            <param name="req">The http request</param>
            <param name="appName">The application name</param>
            <param name="apiName">The API name</param>
            <param name="operationId">The operation id</param>
            <returns>The operation output</returns>
        </member>
    </members>
</doc>
