{
  "generatedBy": "Microsoft.NET.Sdk.Functions-3.0.11",
  "configurationSource": "attributes",
  "bindings": [
    {
      "type": "httpTrigger",
      "route": "applications/{appName}/apis/{apiName}/versions/{versionName}",
      "methods": [
        "delete"
      ],
      "authLevel": "function",
      "name": "req"
    }
  ],
  "disabled": false,
  "scriptFile": "../bin/Luna.Publish.Functions.dll",
  "entryPoint": "Luna.Publish.Functions.PublishingFunctions.DeleteLunaAPIVersion"
}