<?xml version="1.0"?>
<doc>
    <assembly>
        <name>Luna.API</name>
    </assembly>
    <members>
        <member name="T:Luna.API.Controllers.Admin.ArmTemplateController">
            <summary>
            API controller for the armTemplate resource.
            </summary>
        </member>
        <member name="M:Luna.API.Controllers.Admin.ArmTemplateController.#ctor(Luna.Services.Data.IArmTemplateService,Microsoft.Extensions.Logging.ILogger{Luna.API.Controllers.Admin.ArmTemplateController})">
            <summary>
            Constructor that uses dependency injection.
            </summary>
            <param name="armTemplateService">The service to inject.</param>
            <param name="logger">The logger.</param>
        </member>
        <member name="M:Luna.API.Controllers.Admin.ArmTemplateController.GetAllAsync(System.String)">
            <summary>
            Gets all armTemplates within an offer.
            </summary>
            <param name="offerName">The name of the offer.</param>
            <returns>HTTP 200 OK with armTemplate JSON objects in body.</returns>
        </member>
        <member name="M:Luna.API.Controllers.Admin.ArmTemplateController.GetAsync(System.String,System.String)">
            <summary>
            Gets an armTemplate within an offer.
            </summary>
            <param name="offerName">The name of the offer.</param>
            <param name="templateName">The name of the armTemplate to get.</param>
            <returns>HTTP 200 OK with armTemplate JSON object in body.</returns>
        </member>
        <member name="M:Luna.API.Controllers.Admin.ArmTemplateController.CreateOrUpdateAsync(System.String,System.String,System.Object)">
            <summary>
            Create or update an ARM template
            </summary>
            <param name="offerName">The name of the offer.</param>
            <param name="templateName">The name of the ARM template.</param>
            <param name="armTemplateJSON">The ARM Template's raw JSON data.</param>
            <returns>HTTP 201 CREATED with a URI to created resource in response header.</returns>
        </member>
        <member name="M:Luna.API.Controllers.Admin.ArmTemplateController.DeleteAsync(System.String,System.String)">
            <summary>
            Deletes an armTemplate record within an offer and removes the armTemplate file from blob storage.
            </summary>
            <param name="offerName">The name of the offer.</param>
            <param name="templateName">The name of the armTemplate to delete.</param>
            <returns>HTTP 204 NO CONTENT.</returns>
        </member>
        <member name="T:Luna.API.Controllers.Admin.ArmTemplateParameterController">
            <summary>
            API controller for the armTemplateParameterController resource.
            </summary>
        </member>
        <member name="M:Luna.API.Controllers.Admin.ArmTemplateParameterController.#ctor(Luna.Services.Data.IArmTemplateParameterService,Microsoft.Extensions.Logging.ILogger{Luna.API.Controllers.Admin.ArmTemplateParameterController})">
            <summary>
            Constructor that uses dependency injection.
            </summary>
            <param name="armTemplateParameterService">The service to inject.</param>
            <param name="logger">The logger.</param>
        </member>
        <member name="M:Luna.API.Controllers.Admin.ArmTemplateParameterController.GetAllAsync(System.String)">
            <summary>
            Gets all armTemplateParameters within an offer.
            </summary>
            <param name="offerName">The name of the offer.</param>
            <returns>HTTP 200 OK with armTemplateParameter JSON objects in body.</returns>
        </member>
        <member name="M:Luna.API.Controllers.Admin.ArmTemplateParameterController.GetAsync(System.String,System.String)">
            <summary>
            Gets an armTemplateParameter within an offer.
            </summary>
            <param name="offerName">The name of the offer.</param>
            <param name="name">The name of the armTemplateParameter to get.</param>
            <returns>HTTP 200 OK with armTemplateparameter JSON object in body.</returns>
        </member>
        <member name="M:Luna.API.Controllers.Admin.ArmTemplateParameterController.UpdateAsync(System.String,System.String,Luna.Data.Entities.ArmTemplateParameter)">
            <summary>
            Updates an armTemplateParameter within an offer.
            </summary>
            <param name="offerName">The name of the offer.</param>
            <param name="name">The name of the armTemplateParameter to update.</param>
            <param name="armTemplateParameter">The updated armTemplateParameter object.</param>
            <returns>HTTP 204 NO CONTENT.</returns>
        </member>
        <member name="M:Luna.API.Controllers.Admin.ArmTemplateParameterController.DeleteUnusedAsync(System.String)">
            <summary>
            Removes any ArmTemplateParameters from the db that are not associated with any ArmTemplates.
            </summary>
            <param name="offerName">The name of the offer.</param>
            <returns>HTTP 204 NO CONTENT.</returns>
        </member>
        <member name="T:Luna.API.Controllers.Admin.CustomMeterController">
            <summary>
            API controller for the customMeter resource.
            </summary>
        </member>
        <member name="M:Luna.API.Controllers.Admin.CustomMeterController.#ctor(Luna.Services.Data.ICustomMeterService,Microsoft.Extensions.Logging.ILogger{Luna.API.Controllers.Admin.CustomMeterController})">
            <summary>
            Constructor that uses dependency injection.
            </summary>
            <param name="customMeterService">The service to be injected.</param>
            <param name="logger">The logger.</param>
        </member>
        <member name="M:Luna.API.Controllers.Admin.CustomMeterController.GetAllAsync(System.String)">
            <summary>
            Gets all customMeters.
            </summary>
            <returns>HTTP 200 OK with customMeter JSON objects in body.</returns>
        </member>
        <member name="M:Luna.API.Controllers.Admin.CustomMeterController.GetAsync(System.String,System.String)">
            <summary>
            Gets a customMeter.
            </summary>
            <param name="offerName">The offer name of the customMeter to get.</param>
            <param name="meterName">The name of the customMeter to get.</param>
            <returns>HTTP 200 OK with customMeter JSON object in body.</returns>
        </member>
        <member name="M:Luna.API.Controllers.Admin.CustomMeterController.CreateOrUpdateAsync(System.String,System.String,Luna.Data.Entities.CustomMeter)">
            <summary>
            Create or update a customMeter.
            </summary>
            <param name="offerName">The offer name of the customMeter to update.</param>
            <param name="meterName">The name of the customMeter to update.</param>
            <param name="customMeter">The updated customMeter object.</param>
            <returns>HTTP 204 NO CONTENT.</returns>
        </member>
        <member name="M:Luna.API.Controllers.Admin.CustomMeterController.DeleteAsync(System.String,System.String)">
            <summary>
            Deletes a customMeter.
            </summary>
            <param name="offerName">The offer name of the customMeter to delete.</param>
            <param name="meterName">The name of the customMeter to delete.</param>
            <returns>HTTP 204 NO CONTENT.</returns>
        </member>
        <member name="T:Luna.API.Controllers.Admin.CustomMeterDimensionController">
            <summary>
            API controller for customMeterDimension resource.
            </summary>
        </member>
        <member name="M:Luna.API.Controllers.Admin.CustomMeterDimensionController.#ctor(Luna.Services.Data.ICustomMeterDimensionService,Microsoft.Extensions.Logging.ILogger{Luna.API.Controllers.Admin.CustomMeterDimensionController})">
            <summary>
            Constructor that uses dependency injection.
            </summary>
            <param name="customMeterDimensionService">The service to inject.</param>
            <param name="logger">The logger.</param>
        </member>
        <member name="M:Luna.API.Controllers.Admin.CustomMeterDimensionController.GetAllAsync(System.String,System.String)">
            <summary>
            Gets all customMeterDimensions within a plan within an offer.
            </summary>
            <param name="offerName">The name of the offer.</param>
            <param name="planName">The name of the plan.</param>
            <returns>HTTP 200 OK with customMeterDimension JSON objects in body.</returns>
        </member>
        <member name="M:Luna.API.Controllers.Admin.CustomMeterDimensionController.GetAsync(System.String,System.String,System.String)">
            <summary>
            Gets a customMeterDimension.
            </summary>
            <param name="offerName">The name of the offer.</param>
            <param name="planName">The name of the plan.</param>
            <param name="meterName">The meterName of the customMeterDimension.</param>
            <returns>HTTP 200 OK with customMeterDimension JSON object in body.</returns>
        </member>
        <member name="M:Luna.API.Controllers.Admin.CustomMeterDimensionController.CreateOrUpdateAsync(System.String,System.String,System.String,Luna.Data.Entities.CustomMeterDimension)">
            <summary>
            Creates a customMeterDimension within a plan within an offer.
            </summary>
            <param name="offerName">The name of the offer.</param>
            <param name="planName">The name of the plan.</param>
            <param name="meterName">The name of the meter.</param>
            <param name="customMeterDimension">The customMeterDimension object to create.</param>
            <returns>HTTP 201 CREATED with URI to created object in response header.</returns>
        </member>
        <member name="M:Luna.API.Controllers.Admin.CustomMeterDimensionController.DeleteAsync(System.String,System.String,System.String)">
            <summary>
            Deletes a customMeterDimension.
            </summary>
            <param name="offerName">The name of the offer.</param>
            <param name="planName">The name of the plan.</param>
            <param name="meterName">The name of the meter.</param>
            <returns>HTTP 204 NO CONTENT.</returns>
        </member>
        <member name="T:Luna.API.Controllers.Admin.IpConfigController">
            <summary>
            API controller for ipConfig resource.
            </summary>
        </member>
        <member name="M:Luna.API.Controllers.Admin.IpConfigController.#ctor(Luna.Services.Data.IIpConfigService,Microsoft.Extensions.Logging.ILogger{Luna.API.Controllers.Admin.IpConfigController})">
            <summary>
            Constructor that uses dependency injection.
            </summary>
            <param name="ipConfigService">The service to inject.</param>
            <param name="logger">The logger.</param>
        </member>
        <member name="M:Luna.API.Controllers.Admin.IpConfigController.GetAllAsync(System.String)">
            <summary>
            Gets all ipConfigs within an offer.
            </summary>
            <param name="offerName">The name of the offer.</param>
            <returns>HTTP 200 OK with ipConfig JSON objects in response body.</returns>
        </member>
        <member name="M:Luna.API.Controllers.Admin.IpConfigController.GetAsync(System.String,System.String)">
            <summary>
            Gets an ipConfig within an offer.
            </summary>
            <param name="offerName">The name of the offer.</param>
            <param name="name">The name of the ipConfig to get.</param>
            <returns>HTTP 200 OK with ipConfig JSON object in response body.</returns>
        </member>
        <member name="M:Luna.API.Controllers.Admin.IpConfigController.CreateOrUpdateAsync(System.String,System.String,Luna.Data.Entities.IpConfig)">
            <summary>
            Create or update an ipConfig within an offer. Update can only be used to add new IpBlocks to an existing IpConfig.
            </summary>
            <param name="offerName">The name of the offer.</param>
            <param name="name">The name of the ipConfig to update.</param>
            <param name="ipConfig">The updated ipConfig object.</param>
            <returns>HTTP 204 NO CONTENT.</returns>
        </member>
        <member name="M:Luna.API.Controllers.Admin.IpConfigController.DeleteAsync(System.String,System.String)">
            <summary>
            Deletes an IpConfig within an Offer and all of the IpBlocks and IpAddresses associated with it.
            The delete will only occur if all of the IpAddresses associated with the IpConfig
            are not being used.
            </summary>
            <param name="offerName">The name of the offer.</param>
            <param name="name">The name of the offerParameter to delete.</param>
            <returns>HTTP 204 NO CONTENT.</returns>
        </member>
        <member name="T:Luna.API.Controllers.Admin.AIAgentController">
            <summary>
            API controller for workspace resource.
            </summary>
        </member>
        <member name="M:Luna.API.Controllers.Admin.AIAgentController.#ctor(Luna.Services.Data.IAIAgentService,Microsoft.Extensions.Logging.ILogger{Luna.API.Controllers.Admin.AMLWorkspaceController})">
            <summary>
            Constructor that uses dependency injection.
            </summary>
            <param name="aiAgentService">The service to inject.</param>
            <param name="logger">The logger.</param>
        </member>
        <member name="M:Luna.API.Controllers.Admin.AIAgentController.GetAllAsync">
            <summary>
            Gets all ai agents.
            </summary>
            <returns>HTTP 200 OK with aiagent JSON objects in response body.</returns>
        </member>
        <member name="M:Luna.API.Controllers.Admin.AIAgentController.GetAsync(System.Guid)">
            <summary>
            Get an AI agent.
            </summary>
            <param name="agentId">The id of the agent to get.</param>
            <returns>HTTP 200 OK with ai agent JSON object in response body.</returns>
        </member>
        <member name="M:Luna.API.Controllers.Admin.AIAgentController.CreateOrUpdateAsync(System.Guid,Luna.Data.Entities.AIAgent)">
            <summary>
            Creates or updates an AI agent.
            </summary>
            <param name="agentId">The id of the AI agent to update.</param>
            <param name="agent">The updated AI agent object.</param>
            <returns>HTTP 201 created or 200 for update.</returns>
        </member>
        <member name="M:Luna.API.Controllers.Admin.AIAgentController.DeleteAsync(System.Guid)">
            <summary>
            Deletes an AI agent.
            </summary>
            <param name="agentId">The id of the AI agent to delete.</param>
            <returns>HTTP 204 NO CONTENT.</returns>
        </member>
        <member name="T:Luna.API.Controllers.Admin.AMLWorkspaceController">
            <summary>
            API controller for workspace resource.
            </summary>
        </member>
        <member name="M:Luna.API.Controllers.Admin.AMLWorkspaceController.#ctor(Luna.Services.Data.IAMLWorkspaceService,Microsoft.Extensions.Logging.ILogger{Luna.API.Controllers.Admin.AMLWorkspaceController})">
            <summary>
            Constructor that uses dependency injection.
            </summary>
            <param name="workspaceService">The service to inject.</param>
            <param name="logger">The logger.</param>
        </member>
        <member name="M:Luna.API.Controllers.Admin.AMLWorkspaceController.GetAllPipelinesAsync(System.String)">
            <summary>
            Get deployed pipelines from a workspace.
            </summary>
            <param name="workspaceName">The name of the workspace to get.</param>
            <returns>HTTP 200 OK with workspace JSON object in response body.</returns>
        </member>
        <member name="M:Luna.API.Controllers.Admin.AMLWorkspaceController.GetAllAsync">
            <summary>
            Gets all workspaces.
            </summary>
            <returns>HTTP 200 OK with workspace JSON objects in response body.</returns>
        </member>
        <member name="M:Luna.API.Controllers.Admin.AMLWorkspaceController.GetAsync(System.String)">
            <summary>
            Get an workspace.
            </summary>
            <param name="workspaceName">The name of the workspace to get.</param>
            <returns>HTTP 200 OK with workspace JSON object in response body.</returns>
        </member>
        <member name="M:Luna.API.Controllers.Admin.AMLWorkspaceController.CreateOrUpdateAsync(System.String,Luna.Data.Entities.AMLWorkspace)">
            <summary>
            Creates or updates an workspace.
            </summary>
            <param name="workspaceName">The name of the workspace to update.</param>
            <param name="workspace">The updated workspace object.</param>
            <returns>HTTP 204 NO CONTENT.</returns>
        </member>
        <member name="M:Luna.API.Controllers.Admin.AMLWorkspaceController.DeleteAsync(System.String)">
            <summary>
            Deletes an workspace.
            </summary>
            <param name="workspaceName">The name of the workspace to delete.</param>
            <returns>HTTP 204 NO CONTENT.</returns>
        </member>
        <member name="T:Luna.API.Controllers.Admin.APISubscriptionController">
            <summary>
            API controller for the apiSubscription resource.
            </summary>
        </member>
        <member name="M:Luna.API.Controllers.Admin.APISubscriptionController.#ctor(Luna.Services.Data.IAPISubscriptionService,Microsoft.Extensions.Logging.ILogger{Luna.API.Controllers.Admin.APISubscriptionController})">
            <summary>
            .ctor
            </summary>
            <param name="apiSubscriptionService">The apiSubscription service instance</param>
            <param name="logger">The logger.</param>
        </member>
        <member name="M:Luna.API.Controllers.Admin.APISubscriptionController.GetAllAsync">
            <summary>
            Gets all active apiSubscriptions.
            </summary>
            <returns>HTTP 200 OK with apiSubscription JSON objects in response body.</returns>
        </member>
        <member name="M:Luna.API.Controllers.Admin.APISubscriptionController.GetAsync(System.Guid)">
            <summary>
            Gets an apiSubscription.
            </summary>
            <param name="apiSubscriptionId">The apiSubscription id.</param>
            <returns>HTTP 200 OK with apiSubscription JSON object in response body.</returns>
        </member>
        <member name="M:Luna.API.Controllers.Admin.APISubscriptionController.CreateAsync(Luna.Data.Entities.APISubscription)">
            <param name="apiSubscription">The apiSubscription object</param>
        </member>
        <member name="M:Luna.API.Controllers.Admin.APISubscriptionController.UpdateAsync(System.Guid,Luna.Data.Entities.APISubscription)">
            <summary>
            Update an apiSubscription
            </summary>
            <param name="apiSubscriptionId">The apiSubscription id.</param>
            <param name="apiSubscription">The apiSubscription object</param>
            <returns>The apiSubscription info</returns>
        </member>
        <member name="M:Luna.API.Controllers.Admin.APISubscriptionController.DeleteAsync(System.Guid)">
            <summary>
            Deletes an apiSubscription.
            </summary>
            <param name="apiSubscriptionId">The apiSubscription id.</param>
            <returns>HTTP 204 NO CONTENT.</returns>
        </member>
        <member name="M:Luna.API.Controllers.Admin.APISubscriptionController.DeleteByPostAsync">
            <summary>
            Deletes an apiSubscriptions from query parameter.
            </summary>
            <returns>HTTP 204 NO CONTENT.</returns>
        </member>
        <member name="M:Luna.API.Controllers.Admin.APISubscriptionController.RegenerateKey(System.Guid,Luna.Data.DataContracts.APISubscriptionKeyName)">
            <summary>
            Regenerate key for an apiSubscription
            </summary>
            <param name="apiSubscriptionId">The apiSubscription id.</param>
            <returns>HTTP 200 OK with apiSubscription JSON objects in response body.</returns>
        </member>
        <member name="T:Luna.API.Controllers.Admin.APIVersionController">
            <summary>
            API controller for the apiVersion resource.
            </summary>
        </member>
        <member name="M:Luna.API.Controllers.Admin.APIVersionController.#ctor(Luna.Services.Data.IAPIVersionService,Microsoft.Extensions.Logging.ILogger{Luna.API.Controllers.Admin.APIVersionController})">
            <summary>
            Constructor that uses dependency injection.
            </summary>
            <param name="apiVersionService">The service to inject.</param>
            <param name="logger">The logger.</param>
        </member>
        <member name="M:Luna.API.Controllers.Admin.APIVersionController.GetAllAsync(System.String,System.String)">
            <summary>
            Get all apiVersions within a deployment within an product.
            </summary>
            <param name="productName">The name of the product.</param>
            <param name="deploymentName">The name of the deployment.</param>
            <returns>HTTP 200 OK with apiVersions JSON objects in response body.</returns>
        </member>
        <member name="M:Luna.API.Controllers.Admin.APIVersionController.GetAsync(System.String,System.String,System.String)">
            <summary>
            Get an apiVersion
            </summary>
            <param name="productName">The name of the product.</param>
            <param name="deploymentName">The name of the deployment.</param>
            <param name="versionName">The name of apiversion</param>
            <returns>HTTP 200 OK with one apiVersion JSON objects in response body.</returns>
        </member>
        <member name="M:Luna.API.Controllers.Admin.APIVersionController.CreateOrUpdateAsync(System.String,System.String,System.String,Luna.Data.Entities.APIVersion)">
            <summary>
            Creates pr update a apiVersion within a deployment within an product.
            </summary>
            <param name="productName">The name of the product.</param>
            <param name="deploymentName">The name of the deployment.</param>
            <param name="versionName">The name of apiversion</param>
            <param name="apiVersion">The apiVersion object to create.</param>
            <returns>HTTP 201 CREATED with URI to created resource in response header.</returns>
            <returns>HTTP 200 OK with updated apiVersion JSON objects in response body.</returns>
        </member>
        <member name="M:Luna.API.Controllers.Admin.APIVersionController.DeleteAsync(System.String,System.String,System.String)">
            <summary>
            Delete an apiVersion
            </summary>
            <param name="productName">The name of the product.</param>
            <param name="deploymentName">The name of the deployment.</param>
            <param name="versionName">The name of apiversion</param>
            <returns>HTTP 204 NO CONTENT</returns>
        </member>
        <member name="M:Luna.API.Controllers.Admin.APIVersionController.GetSourceTypes">
            <summary>
            Get apiVersion source types
            </summary>
            <returns>The apiVersion</returns>
        </member>
        <member name="T:Luna.API.Controllers.Admin.DeploymentController">
            <summary>
            API controller for deployment resource.
            </summary>
        </member>
        <member name="M:Luna.API.Controllers.Admin.DeploymentController.#ctor(Luna.Services.Data.IDeploymentService,Microsoft.Extensions.Logging.ILogger{Luna.API.Controllers.Admin.RestrictedUserController},Luna.Services.Data.IAPIVersionService)">
            <summary>
            Constructor that uses dependency injection.
            </summary>
            <param name="deploymentService">The service to inject.</param>
            <param name="logger">The logger.</param>
        </member>
        <member name="M:Luna.API.Controllers.Admin.DeploymentController.GetAllAsync(System.String)">
            <summary>
            Gets all deployments within an product.
            </summary>
            <param name="productName">The name of the product.</param>
            <returns>HTTP 200 OK with deployment JSON objects in response body.</returns>
        </member>
        <member name="M:Luna.API.Controllers.Admin.DeploymentController.GetAsync(System.String,System.String)">
            <summary>
            Gets a deployment within an product.
            </summary>
            <param name="productName">The name of the product.</param>
            <param name="deploymentName">The name of the deployment to get.</param>
            <returns>HTTP 200 OK with deployment JSON object in response body.</returns>
        </member>
        <member name="M:Luna.API.Controllers.Admin.DeploymentController.CreateOrUpdateAsync(System.String,System.String,Luna.Data.Entities.Deployment)">
            <summary>
            Create or update a deployment within an product.
            </summary>
            <param name="productName">The name of the product.</param>
            <param name="deploymentName">The name of the deployment to update.</param>
            <param name="deployment">The updated deployment object.</param>
            <returns>HTTP 204 NO CONTENT.</returns>
        </member>
        <member name="M:Luna.API.Controllers.Admin.DeploymentController.DeleteAsync(System.String,System.String)">
            <summary>
            Deletes a deployment within an product.
            </summary>
            <param name="productName">The name of the product.</param>
            <param name="deploymentName">The name of the deployment to delete.</param>
            <returns>HTTP 204 NO CONTENT.</returns>
        </member>
        <member name="T:Luna.API.Controllers.Admin.ProductController">
            <summary>
            API controller for product resource.
            </summary>
        </member>
        <member name="M:Luna.API.Controllers.Admin.ProductController.#ctor(Luna.Services.Data.IProductService,Luna.Services.Data.IPublisherService,Microsoft.Extensions.Logging.ILogger{Luna.API.Controllers.Admin.ProductController})">
            <summary>
            Constructor that uses dependency injection.
            </summary>
            <param name="productService">The service to inject.</param>
            <param name="logger">The logger.</param>
        </member>
        <member name="M:Luna.API.Controllers.Admin.ProductController.GetAllAsync">
            <summary>
            Gets all products.
            </summary>
            <returns>HTTP 200 OK with product JSON objects in response body.</returns>
        </member>
        <member name="M:Luna.API.Controllers.Admin.ProductController.GetAsync(System.String)">
            <summary>
            Get a product.
            </summary>
            <param name="productName">The name of the product to get.</param>
            <returns>HTTP 200 OK with product JSON object in response body.</returns>
        </member>
        <member name="M:Luna.API.Controllers.Admin.ProductController.CreateOrUpdateAsync(System.String,Luna.Data.Entities.Product)">
            <summary>
            Creates or updates an product.
            </summary>
            <param name="productName">The name of the product to update.</param>
            <param name="product">The updated product object.</param>
            <returns>HTTP 201 CREATED with URI to created resource in response header.</returns>
            <returns>HTTP 200 OK with updated product JSON objects in response body.</returns>
        </member>
        <member name="M:Luna.API.Controllers.Admin.ProductController.DeleteAsync(System.String)">
            <summary>
            Deletes an product.
            </summary>
            <param name="productName">The name of the product to delete.</param>
            <returns>HTTP 204 NO CONTENT.</returns>
        </member>
        <member name="T:Luna.API.Controllers.Admin.OfferController">
            <summary>
            API controller for offer resource.
            </summary>
        </member>
        <member name="M:Luna.API.Controllers.Admin.OfferController.#ctor(Luna.Services.Data.IOfferService,Microsoft.Extensions.Logging.ILogger{Luna.API.Controllers.Admin.OfferController})">
            <summary>
            Constructor that uses dependency injection.
            </summary>
            <param name="offerService">The service to inject.</param>
            <param name="logger">The logger.</param>
        </member>
        <member name="M:Luna.API.Controllers.Admin.OfferController.GetAllAsync">
            <summary>
            Gets all offers.
            </summary>
            <returns>HTTP 200 OK with offer JSON objects in response body.</returns>
        </member>
        <member name="M:Luna.API.Controllers.Admin.OfferController.GetAsync(System.String)">
            <summary>
            Get an offer.
            </summary>
            <param name="offerName">The name of the offer to get.</param>
            <returns>HTTP 200 OK with offer JSON object in response body.</returns>
        </member>
        <member name="M:Luna.API.Controllers.Admin.OfferController.CreateOrUpdateAsync(System.String,Luna.Data.Entities.Offer)">
            <summary>
            Creates or updates an offer.
            </summary>
            <param name="offerName">The name of the offer to update.</param>
            <param name="offer">The updated offer object.</param>
            <returns>HTTP 204 NO CONTENT.</returns>
        </member>
        <member name="M:Luna.API.Controllers.Admin.OfferController.DeleteAsync(System.String)">
            <summary>
            Deletes an offer.
            </summary>
            <param name="offerName">The name of the offer to delete.</param>
            <returns>HTTP 204 NO CONTENT.</returns>
        </member>
        <member name="M:Luna.API.Controllers.Admin.OfferController.Publish(System.String)">
            <summary>
            Publish an offer.
            </summary>
            <param name="offerName">The name of the offer to delete.</param>
            <returns>HTTP 204 NO CONTENT.</returns>
        </member>
        <member name="M:Luna.API.Controllers.Admin.OfferController.GetWarnings(System.String)">
            <summary>
            Get warnings for an offer
            </summary>
            <param name="offerName">The name of the offer to delete.</param>
            <returns>HTTP 200 Ok.</returns>
        </member>
        <member name="M:Luna.API.Controllers.Admin.OfferController.GetAllWarnings">
            <summary>
            Get warnings for all offers
            </summary>
            <returns>HTTP 200 Ok.</returns>
        </member>
        <member name="T:Luna.API.Controllers.Admin.OfferParameterController">
            <summary>
            API controller for offerParameter resource.
            </summary>
        </member>
        <member name="M:Luna.API.Controllers.Admin.OfferParameterController.#ctor(Luna.Services.Data.IOfferParameterService,Microsoft.Extensions.Logging.ILogger{Luna.API.Controllers.Admin.OfferParameterController})">
            <summary>
            Constructor that uses dependency injection.
            </summary>
            <param name="offerParameterService">The service to inject.</param>
            <param name="logger">The logger.</param>
        </member>
        <member name="M:Luna.API.Controllers.Admin.OfferParameterController.GetAllAsync(System.String)">
            <summary>
            Gets all offerParameters within an offer.
            </summary>
            <param name="offerName">The name of the offer.</param>
            <returns>HTTP 200 OK with offerParameter JSON objects in response body.</returns>
        </member>
        <member name="M:Luna.API.Controllers.Admin.OfferParameterController.GetAsync(System.String,System.String)">
            <summary>
            Gets an offerParameter within an offer.
            </summary>
            <param name="offerName">The name of the offer.</param>
            <param name="parameterName">The name of the offerParameter to get.</param>
            <returns>HTTP 200 OK with offerParameter JSON object in response body.</returns>
        </member>
        <member name="M:Luna.API.Controllers.Admin.OfferParameterController.CreateOrUpdateAsync(System.String,System.String,Luna.Data.Entities.OfferParameter)">
            <summary>
            Create or update an offerParameter within an offer.
            </summary>
            <param name="offerName">The name of the offer.</param>
            <param name="parameterName">The name of the offerParameter to update.</param>
            <param name="offerParameter">The updated offerParameter object.</param>
            <returns>HTTP 204 NO CONTENT.</returns>
        </member>
        <member name="M:Luna.API.Controllers.Admin.OfferParameterController.DeleteAsync(System.String,System.String)">
            <summary>
            Deletes an offerParameter within an offer.
            </summary>
            <param name="offerName">The name of the offer.</param>
            <param name="parameterName">The name of the offerParameter to delete.</param>
            <returns>HTTP 204 NO CONTENT.</returns>
        </member>
        <member name="T:Luna.API.Controllers.Admin.PlanController">
            <summary>
            API controller for plan resource.
            </summary>
        </member>
        <member name="M:Luna.API.Controllers.Admin.PlanController.#ctor(Luna.Services.Data.IPlanService,Microsoft.Extensions.Logging.ILogger{Luna.API.Controllers.Admin.RestrictedUserController})">
            <summary>
            Constructor that uses dependency injection.
            </summary>
            <param name="planService">The service to inject.</param>
            <param name="logger">The logger.</param>
        </member>
        <member name="M:Luna.API.Controllers.Admin.PlanController.GetAllAsync(System.String)">
            <summary>
            Gets all plans within an offer.
            </summary>
            <param name="offerName">The name of the offer.</param>
            <returns>HTTP 200 OK with plan JSON objects in response body.</returns>
        </member>
        <member name="M:Luna.API.Controllers.Admin.PlanController.GetAsync(System.String,System.String)">
            <summary>
            Gets a plan within an offer.
            </summary>
            <param name="offerName">The name of the offer.</param>
            <param name="planName">The name of the plan to get.</param>
            <returns>HTTP 200 OK with plan JSON object in response body.</returns>
        </member>
        <member name="M:Luna.API.Controllers.Admin.PlanController.CreateOrUpdateAsync(System.String,System.String,Luna.Data.Entities.Plan)">
            <summary>
            Create or update a plan within an offer.
            </summary>
            <param name="offerName">The name of the offer.</param>
            <param name="planName">The name of the plan to update.</param>
            <param name="plan">The updated plan object.</param>
            <returns>HTTP 204 NO CONTENT.</returns>
        </member>
        <member name="M:Luna.API.Controllers.Admin.PlanController.DeleteAsync(System.String,System.String)">
            <summary>
            Deletes a plan within an offer.
            </summary>
            <param name="offerName">The name of the offer.</param>
            <param name="planName">The name of the plan to delete.</param>
            <returns>HTTP 204 NO CONTENT.</returns>
        </member>
        <member name="T:Luna.API.Controllers.Admin.RestrictedUserController">
            <summary>
            API controller for the restrictedUser resource.
            </summary>
        </member>
        <member name="M:Luna.API.Controllers.Admin.RestrictedUserController.#ctor(Luna.Services.Data.IRestrictedUserService,Microsoft.Extensions.Logging.ILogger{Luna.API.Controllers.Admin.RestrictedUserController})">
            <summary>
            Constructor that uses dependency injection.
            </summary>
            <param name="restrictedUserService">The service to inject.</param>
            <param name="logger">The logger.</param>
        </member>
        <member name="M:Luna.API.Controllers.Admin.RestrictedUserController.GetAllAsync(System.String,System.String)">
            <summary>
            Gets all restrictedUsers within a plan within an offer.
            </summary>
            <param name="offerName">The name of the offer.</param>
            <param name="planName">The name of the plan.</param>
            <returns>HTTP 200 OK with restrictedUser JSON objects in response body.</returns>
        </member>
        <member name="M:Luna.API.Controllers.Admin.RestrictedUserController.GetAsync(System.String,System.String,System.Guid)">
            <summary>
            Get a restricted user
            </summary>
            <param name="offerName">The offer name</param>
            <param name="planName">The plan name</param>
            <param name="tenantId">The tenant Id</param>
            <returns>The restricted user</returns>
        </member>
        <member name="M:Luna.API.Controllers.Admin.RestrictedUserController.CreateOrUpdateAsync(System.String,System.String,System.Guid,Luna.Data.Entities.RestrictedUser)">
            <summary>
            Creates pr update a restrictedUser within a plan within an offer.
            </summary>
            <param name="offerName">The name of the offer.</param>
            <param name="planName">The name of the plan.</param>
            <param name="tenantId">The tenant id</param>
            <param name="restrictedUser">The restrictedUser object to create.</param>
            <returns>HTTP 201 CREATED with URI to created resource in response header.</returns>
        </member>
        <member name="M:Luna.API.Controllers.Admin.RestrictedUserController.DeleteAsync(System.String,System.String,System.Guid)">
            <summary>
            Delete an restricted user
            </summary>
            <param name="offerName">The offer name</param>
            <param name="planName">The plan name</param>
            <param name="tenantId">The tenant id</param>
            <returns>no content</returns>
        </member>
        <member name="T:Luna.API.Controllers.Admin.SubscriptionController">
            <summary>
            API controller for the subscription resource.
            </summary>
        </member>
        <member name="M:Luna.API.Controllers.Admin.SubscriptionController.#ctor(Luna.Services.Data.ISubscriptionService,Luna.Services.Marketplace.IFulfillmentManager,Luna.Services.Provisoning.IProvisioningService,Luna.Services.CustomMeterEvent.ICustomMeterEventService,Luna.Services.Data.IAPISubscriptionService,Microsoft.Extensions.Logging.ILogger{Luna.API.Controllers.Admin.SubscriptionController})">
            <summary>
            .ctor
            </summary>
            <param name="subscriptionService">The subscription service instance</param>
            <param name="fulfillmentManager">The fulfillmentManager instance</param>
            <param name="provisioningService">The provisioning service instance</param>
            <param name="logger">The logger.</param>
        </member>
        <member name="M:Luna.API.Controllers.Admin.SubscriptionController.GetAllAsync">
            <summary>
            Gets all active subscriptions.
            </summary>
            <returns>HTTP 200 OK with subscription JSON objects in response body.</returns>
        </member>
        <member name="M:Luna.API.Controllers.Admin.SubscriptionController.GetAllDeletedAsync">
            <summary>
            Gets all deleted subscriptions.
            </summary>
            <returns>HTTP 200 OK with subscription JSON objects in response body.</returns>
        </member>
        <member name="M:Luna.API.Controllers.Admin.SubscriptionController.GetAsync(System.Guid)">
            <summary>
            Gets a subscription.
            </summary>
            <param name="subscriptionId">The subscription id.</param>
            <returns>HTTP 200 OK with subscription JSON object in response body.</returns>
        </member>
        <member name="M:Luna.API.Controllers.Admin.SubscriptionController.CreateOrUpdateAsync(System.Guid,Luna.Data.Entities.Subscription)">
            <summary>
            Create or update a subscription
            </summary>
            <param name="subscriptionId">The subscription id.</param>
            <param name="subscription">The subscription object</param>
            <returns>The subscription info</returns>
        </member>
        <member name="M:Luna.API.Controllers.Admin.SubscriptionController.DeleteAsync(System.Guid)">
            <summary>
            Deletes a subscription.
            </summary>
            <param name="subscriptionId">The subcription id.</param>
            <returns>HTTP 204 NO CONTENT.</returns>
        </member>
        <member name="M:Luna.API.Controllers.Admin.SubscriptionController.ResolveToken(System.String)">
            <summary>
            Resolve the token for the landing page
            </summary>
            <param name="token">the token</param>
            <returns>The token info</returns>
        </member>
        <member name="M:Luna.API.Controllers.Admin.SubscriptionController.Activate(System.Guid)">
            <summary>
            Activate a subscription
            </summary>
            <param name="subscriptionId">The subscription id</param>
            <returns>The subscription</returns>
        </member>
        <member name="M:Luna.API.Controllers.Admin.SubscriptionController.DeleteData(System.Guid)">
            <summary>
            Delete data from a subscirption
            </summary>
            <param name="subscriptionId">The subscription id</param>
            <returns>The subscription</returns>
        </member>
        <member name="M:Luna.API.Controllers.Admin.SubscriptionController.CompleteOperation(System.Guid)">
            <summary>
            Complete a subscription operation
            </summary>
            <param name="subscriptionId">The subscription id</param>
            <returns>The subscription</returns>
        </member>
        <member name="M:Luna.API.Controllers.Admin.SubscriptionController.GetOperations(System.Guid)">
            <summary>
            Get the subscription operation history
            </summary>
            <param name="subscriptionId">the subscription id</param>
            <returns>The operations</returns>
        </member>
        <member name="M:Luna.API.Controllers.Admin.SubscriptionController.GetAllWarnings">
            <summary>
            Get all subscription warnings
            </summary>
            <returns></returns>
        </member>
        <member name="M:Luna.API.Controllers.Admin.SubscriptionController.GetWarnings(System.Guid)">
            <summary>
            Get warnings for a specific subscription
            </summary>
            <param name="subscriptionId"></param>
            <returns></returns>
        </member>
        <member name="T:Luna.API.Controllers.Admin.TelemetryDataConnectorController">
            <summary>
            API controller for the customMeter resource.
            </summary>
        </member>
        <member name="M:Luna.API.Controllers.Admin.TelemetryDataConnectorController.#ctor(Luna.Services.Data.ITelemetryDataConnectorService,Microsoft.Extensions.Logging.ILogger{Luna.API.Controllers.Admin.TelemetryDataConnectorController})">
            <summary>
            Constructor that uses dependency injection.
            </summary>
            <param name="telemetryDataConnectorService">The service to be injected.</param>
            <param name="logger">The logger.</param>
        </member>
        <member name="M:Luna.API.Controllers.Admin.TelemetryDataConnectorController.GetAllAsync">
            <summary>
            Gets all customMeters.
            </summary>
            <returns>HTTP 200 OK with customMeter JSON objects in body.</returns>
        </member>
        <member name="M:Luna.API.Controllers.Admin.TelemetryDataConnectorController.GetAsync(System.String)">
            <summary>
            Gets a customMeter.
            </summary>
            <param name="name">The name of the telemetryDataConnector to get.</param>
            <returns>HTTP 200 OK with customMeter JSON object in body.</returns>
        </member>
        <member name="M:Luna.API.Controllers.Admin.TelemetryDataConnectorController.CreateOrUpdateAsync(System.String,Luna.Data.Entities.TelemetryDataConnector)">
            <summary>
            Create or update a customMeter.
            </summary>
            <param name="name">The offer name of the customMeter to update.</param>
            <param name="connector">The updated customMeter object.</param>
            <returns>HTTP 204 NO CONTENT.</returns>
        </member>
        <member name="M:Luna.API.Controllers.Admin.TelemetryDataConnectorController.DeleteAsync(System.String)">
            <summary>
            Deletes a customMeter.
            </summary>
            <param name="name">The name of the telemetry data connector to delete.</param>
            <returns>HTTP 204 NO CONTENT.</returns>
        </member>
        <member name="M:Luna.API.Controllers.Admin.TelemetryDataConnectorController.GetConnectorTypesAsync">
            <summary>
            Get the valid types of connectors
            </summary>
            <returns>The connector types</returns>
        </member>
        <member name="T:Luna.API.Controllers.Admin.WebhookController">
            <summary>
            API controller for the webhook resource.
            </summary>
        </member>
        <member name="M:Luna.API.Controllers.Admin.WebhookController.#ctor(Luna.Services.Data.IWebhookService,Microsoft.Extensions.Logging.ILogger{Luna.API.Controllers.Admin.WebhookController})">
            <summary>
            Constructor that uses dependency injection.
            </summary>
            <param name="webhookService">The service to inject.</param>
            <param name="logger">The logger.</param>
        </member>
        <member name="M:Luna.API.Controllers.Admin.WebhookController.GetAllAsync(System.String)">
            <summary>
            Gets all webhook within an offer.
            </summary>
            <param name="offerName">The name of the offer.</param>
            <returns>HTTP 200 OK with webhook JSON objects in body.</returns>
        </member>
        <member name="M:Luna.API.Controllers.Admin.WebhookController.GetAsync(System.String,System.String)">
            <summary>
            Gets an webhook within an offer.
            </summary>
            <param name="offerName">The name of the offer.</param>
            <param name="webhookName">The name of the webhook to get.</param>
            <returns>HTTP 200 OK with webhook JSON object in body.</returns>
        </member>
        <member name="M:Luna.API.Controllers.Admin.WebhookController.CreateOrUpdateAsync(System.String,System.String,Luna.Data.Entities.Webhook)">
            <summary>
            Create or update an webhook within an offer.
            </summary>
            <param name="offerName">The name of the offer.</param>
            <param name="webhookName">The name of the webhook to update.</param>
            <param name="webhook">The updated webhook object.</param>
            <returns>HTTP 204 NO CONTENT.</returns>
        </member>
        <member name="M:Luna.API.Controllers.Admin.WebhookController.DeleteAsync(System.String,System.String)">
            <summary>
            Deletes an webhook within an offer.
            </summary>
            <param name="offerName">The name of the offer.</param>
            <param name="webhookName">The name of the webhook to delete.</param>
            <returns>HTTP 204 NO CONTENT.</returns>
        </member>
        <member name="T:Luna.API.Controllers.Admin.WebhookParameterController">
            <summary>
            API controller for the webhookParameterController resource.
            </summary>
        </member>
        <member name="M:Luna.API.Controllers.Admin.WebhookParameterController.#ctor(Luna.Services.Data.IWebhookParameterService,Microsoft.Extensions.Logging.ILogger{Luna.API.Controllers.Admin.WebhookParameterController})">
            <summary>
            Constructor that uses dependency injection.
            </summary>
            <param name="webhookParameterService">The service to inject.</param>
            <param name="logger">The logger.</param>
        </member>
        <member name="M:Luna.API.Controllers.Admin.WebhookParameterController.GetAllAsync(System.String)">
            <summary>
            Gets all webhookParameters within an offer.
            </summary>
            <param name="offerName">The name of the offer.</param>
            <returns>HTTP 200 OK with webhookParameter JSON objects in body.</returns>
        </member>
        <member name="M:Luna.API.Controllers.Admin.WebhookParameterController.GetAsync(System.String,System.String)">
            <summary>
            Gets an webhookParameter within an offer.
            </summary>
            <param name="offerName">The name of the offer.</param>
            <param name="name">The name of the webhookParameter to get.</param>
            <returns>HTTP 200 OK with webhookParameter JSON object in body.</returns>
        </member>
        <member name="M:Luna.API.Controllers.Admin.WebhookParameterController.UpdateAsync(System.String,System.String,Luna.Data.Entities.WebhookParameter)">
            <summary>
            Updates an webhookParameter within an offer.
            </summary>
            <param name="offerName">The name of the offer.</param>
            <param name="name">The name of the webhookParameter to update.</param>
            <param name="webhookParameter">The updated webhookParameter object.</param>
            <returns>HTTP 204 NO CONTENT.</returns>
        </member>
        <member name="M:Luna.API.Controllers.Admin.WebhookParameterController.DeleteUnusedAsync(System.String)">
            <summary>
            Removes any WebhookParameters from the db that are not associated with any Webhooks.
            </summary>
            <param name="offerName">The name of the offer.</param>
            <returns>HTTP 204 NO CONTENT.</returns>
        </member>
        <member name="M:Luna.API.Controllers.Provisioning.ProvisioningController.#ctor(Luna.Services.Provisoning.IProvisioningService,Luna.Services.Data.ISubscriptionService,Luna.Services.CustomMeterEvent.ICustomMeterEventService,Microsoft.Extensions.Logging.ILogger{Luna.API.Controllers.Provisioning.ProvisioningController})">
            <summary>
            Constructor that uses dependency injection.
            </summary>
            <param name="provisioningService">The provisioning service.</param>
            <param name="subscriptionService">The subscriptionService.</param>
            <param name="logger">The logger.</param>
        </member>
        <member name="M:Luna.API.Controllers.Provisioning.ProvisioningController.CreateResourceGroup(System.Guid)">
            <summary>
            Create resource group for a new subscription
            </summary>
            <param name="subscriptionId">The subscription id.</param>
            <returns>The subscription</returns>
        </member>
        <member name="M:Luna.API.Controllers.Provisioning.ProvisioningController.DeployArmTemplate(System.Guid)">
            <summary>
            Deploy ARM template for a subscription operation
            </summary>
            <param name="subscriptionId">The subscription id.</param>
            <returns>The subscription</returns>
        </member>
        <member name="M:Luna.API.Controllers.Provisioning.ProvisioningController.CheckArmDeploymentStatus(System.Guid)">
            <summary>
            Check ARM template deployment status for a subscription operation
            </summary>
            <param name="subscriptionId">The subscription id</param>
            <returns>The subscription</returns>
        </member>
        <member name="M:Luna.API.Controllers.Provisioning.ProvisioningController.ExecuteWebhook(System.Guid)">
            <summary>
            Execute webhook for a subscription operation
            </summary>
            <param name="subscriptionId">The subscription id.</param>
            <returns>The subscription</returns>
        </member>
        <member name="M:Luna.API.Controllers.Provisioning.ProvisioningController.ActivateSubscription(System.Guid)">
            <summary>
            Activate a subscription
            </summary>
            <param name="subscriptionId">The subscription id.</param>
            <returns>The subscription</returns>
        </member>
        <member name="M:Luna.API.Controllers.Provisioning.ProvisioningController.UpdateOperationCompleted(System.Guid)">
            <summary>
            Update a subscription operation as completed
            </summary>
            <param name="subscriptionId">The subscription id</param>
            <returns>The subscription</returns>
        </member>
        <member name="M:Luna.API.Controllers.Provisioning.ProvisioningController.CheckResourceGroupDeploymentStatus(System.Guid)">
            <summary>
            Check resource group deployment status
            </summary>
            <param name="subscriptionId">The subscription id.</param>
            <returns>The subscription</returns>
        </member>
        <member name="M:Luna.API.Controllers.Provisioning.ProvisioningController.GetActiveProvisions">
            <summary>
            Get provisioning status
            </summary>
            <returns></returns>
        </member>
        <member name="M:Luna.API.Controllers.Provisioning.ProvisioningController.ProcessCustomMeterEvents">
            <summary>
            Process custom meter events
            </summary>
            <returns></returns>
        </member>
        <member name="M:Luna.API.Controllers.Provisioning.ProvisioningController.ProcessActiveProvisions">
            <summary>
            Process active provisions
            </summary>
            <returns></returns>
        </member>
    </members>
</doc>
