<?xml version="1.0"?>
<doc>
    <assembly>
        <name>Luna.Provision.Functions</name>
    </assembly>
    <members>
        <member name="T:Luna.Provision.Functions.ProvisionServiceFunctions">
            <summary>
            The service maintains all routings
            </summary>
        </member>
        <member name="M:Luna.Provision.Functions.ProvisionServiceFunctions.Test(Microsoft.AspNetCore.Http.HttpRequest)">
            <summary>
            Test endpoint
            </summary>
            <param name="req">The http request</param>
            <returns></returns>
        </member>
    </members>
</doc>
