<?xml version="1.0"?>
<doc>
    <assembly>
        <name>Luna.Gateway.Functions</name>
    </assembly>
    <members>
        <member name="M:Luna.Gateway.Functions.GatewayFunctions.GetEventStoreConnectionString(Microsoft.AspNetCore.Http.HttpRequest,System.String)">
            <summary>
            Get event store connection string
            </summary>
            <group>Event Store</group>
            <verb>GET</verb>
            <url>http://localhost:7071/api/manage/eventstores/{name}</url>
            <param name="name" required="true" cref="T:System.String" in="path">Name of the event store</param>
            <param name="req">The http request</param>
            <response code="200">
                <see cref="T:Luna.PubSub.Public.Client.EventStoreInfo"/>
                <example>
                    <value>
                        <see cref="F:Luna.PubSub.Public.Client.EventStoreInfo.example"/>
                    </value>
                    <summary>
                        An example of event store info
                    </summary>
                </example>
                Success
            </response>
            <security type="http" name="http-bearer">
                <description>Test security</description>
                <scheme>bearer</scheme>
                <bearerFormat>JWT</bearerFormat>
            </security>
            <returns></returns>
        </member>
        <member name="M:Luna.Gateway.Functions.GatewayFunctions.CreateAzureMarketplaceOffer(Microsoft.AspNetCore.Http.HttpRequest,System.String)">
            <summary>
            Create an Azure Marketplace SaaS offer
            </summary>
            <group>Azure Marketplace</group>
            <verb>PUT</verb>
            <url>http://localhost:7071/api/marketplace/offers/{offerId}</url>
            <param name="offerId" required="true" cref="T:System.String" in="path">Id of marketplace SaaS offer</param>
            <param name="req" in="body">
                <see cref="T:Luna.Publish.Public.Client.AzureMarketplaceOffer"/>
                <example>
                    <value>
                        <see cref="F:Luna.Publish.Public.Client.AzureMarketplaceOffer.example"/>
                    </value>
                    <summary>
                        An example of Azure marketplace offer
                    </summary>
                </example>
                Request contract
            </param>
            <response code="200">
                <see cref="T:Luna.Publish.Public.Client.AzureMarketplaceOffer"/>
                <example>
                    <value>
                        <see cref="F:Luna.Publish.Public.Client.AzureMarketplaceOffer.example"/>
                    </value>
                    <summary>
                        An example of Azure marketplace offer
                    </summary>
                </example>
                Success
            </response>
            <security type="apiKey" name="x-functions-key">
                <description>Azure function key</description>
                <in>header</in>
            </security>
            <returns></returns>
        </member>
        <member name="M:Luna.Gateway.Functions.GatewayFunctions.UpdateAzureMarketplaceOffer(Microsoft.AspNetCore.Http.HttpRequest,System.String)">
            <summary>
            Update an Azure Marketplace SaaS offer
            </summary>
            <group>Azure Marketplace</group>
            <verb>PATCH</verb>
            <url>http://localhost:7071/api/marketplace/offers/{offerId}</url>
            <param name="offerId" required="true" cref="T:System.String" in="path">Id of marketplace SaaS offer</param>
            <param name="req" in="body">
                <see cref="T:Luna.Publish.Public.Client.AzureMarketplaceOffer"/>
                <example>
                    <value>
                        <see cref="F:Luna.Publish.Public.Client.AzureMarketplaceOffer.example"/>
                    </value>
                    <summary>
                        An example of Azure marketplace offer
                    </summary>
                </example>
                Request contract
            </param>
            <response code="200">
                <see cref="T:Luna.Publish.Public.Client.AzureMarketplaceOffer"/>
                <example>
                    <value>
                        <see cref="F:Luna.Publish.Public.Client.AzureMarketplaceOffer.example"/>
                    </value>
                    <summary>
                        An example of Azure marketplace offer
                    </summary>
                </example>
                Success
            </response>
            <security type="apiKey" name="x-functions-key">
                <description>Azure function key</description>
                <in>header</in>
            </security>
            <returns></returns>
        </member>
        <member name="M:Luna.Gateway.Functions.GatewayFunctions.PublishAzureMarketplaceOffer(Microsoft.AspNetCore.Http.HttpRequest,System.String)">
            <summary>
            Publish an Azure Marketplace SaaS offer
            </summary>
            <group>Azure Marketplace</group>
            <verb>POST</verb>
            <url>http://localhost:7071/api/marketplace/offers/{offerId}/publish</url>
            <param name="offerId" required="true" cref="T:System.String" in="path">Id of marketplace SaaS offer</param>
            <param name="req">The http request</param>
            <response code="200">
                <see cref="T:Luna.Publish.Public.Client.AzureMarketplaceOffer"/>
                <example>
                    <value>
                        <see cref="F:Luna.Publish.Public.Client.AzureMarketplaceOffer.example"/>
                    </value>
                    <summary>
                        An example of Azure marketplace offer
                    </summary>
                </example>
                Success
            </response>
            <security type="apiKey" name="x-functions-key">
                <description>Azure function key</description>
                <in>header</in>
            </security>
            <returns></returns>
        </member>
        <member name="M:Luna.Gateway.Functions.GatewayFunctions.DeleteAzureMarketplaceOffer(Microsoft.AspNetCore.Http.HttpRequest,System.String)">
            <summary>
            Delete an Azure Marketplace SaaS offer
            </summary>
            <group>Azure Marketplace</group>
            <verb>DELETE</verb>
            <url>http://localhost:7071/api/marketplace/offers/{offerId}</url>
            <param name="offerId" required="true" cref="T:System.String" in="path">Id of marketplace SaaS offer</param>
            <param name="req">The http request</param>
            <response code="204">Success</response>
            <security type="apiKey" name="x-functions-key">
                <description>Azure function key</description>
                <in>header</in>
            </security>
            <returns></returns>
        </member>
        <member name="M:Luna.Gateway.Functions.GatewayFunctions.GetAzureMarketplaceOffer(Microsoft.AspNetCore.Http.HttpRequest,System.String)">
            <summary>
            Get an Azure Marketplace SaaS offer
            </summary>
            <group>Azure Marketplace</group>
            <verb>GET</verb>
            <url>http://localhost:7071/api/marketplace/offers/{offerId}</url>
            <param name="offerId" required="true" cref="T:System.String" in="path">Id of marketplace SaaS offer</param>
            <param name="req">http request</param>
            <response code="200">
                <see cref="T:Luna.Publish.Public.Client.AzureMarketplaceOffer"/>
                <example>
                    <value>
                        <see cref="F:Luna.Publish.Public.Client.AzureMarketplaceOffer.example"/>
                    </value>
                    <summary>
                        An example of Azure marketplace offer
                    </summary>
                </example>
                Success
            </response>
            <security type="apiKey" name="x-functions-key">
                <description>Azure function key</description>
                <in>header</in>
            </security>
            <returns></returns>
        </member>
        <member name="M:Luna.Gateway.Functions.GatewayFunctions.ListAzureMarketplaceOffers(Microsoft.AspNetCore.Http.HttpRequest)">
            <summary>
            List Azure Marketplace SaaS offers
            </summary>
            <group>Azure Marketplace</group>
            <verb>GET</verb>
            <url>http://localhost:7071/api/marketplace/offers</url>
            <param name="req">http request</param>
            <response code="200">
                <see cref="T:System.Collections.Generic.List`1"/>
                where T is <see cref="T:Luna.Publish.Public.Client.AzureMarketplaceOffer"/>
                <example>
                    <value>
                        <see cref="F:Luna.Publish.Public.Client.AzureMarketplaceOffer.example"/>
                    </value>
                    <summary>
                        An example of Azure marketplace offer
                    </summary>
                </example>
                Success
            </response>
            <security type="apiKey" name="x-functions-key">
                <description>Azure function key</description>
                <in>header</in>
            </security>
            <returns></returns>
        </member>
        <member name="M:Luna.Gateway.Functions.GatewayFunctions.CreateAzureMarketplacePlan(Microsoft.AspNetCore.Http.HttpRequest,System.String,System.String)">
            <summary>
            Create a plan in an Azure Marketplace SaaS offer
            </summary>
            <group>Azure Marketplace</group>
            <verb>PUT</verb>
            <url>http://localhost:7071/api/marketplace/offers/{offerId}/plans/{planId}</url>
            <param name="offerId" required="true" cref="T:System.String" in="path">Id of marketplace SaaS offer</param>
            <param name="planId" required="true" cref="T:System.String" in="path">Id of marketplace SaaS plan</param>
            <param name="req" in="body">
                <see cref="T:Luna.Publish.Public.Client.AzureMarketplacePlan"/>
                <example>
                    <value>
                        <see cref="F:Luna.Publish.Public.Client.AzureMarketplacePlan.example"/>
                    </value>
                    <summary>
                        An example of Azure marketplace plan
                    </summary>
                </example>
                Request contract
            </param>
            <response code="200">
                <see cref="T:Luna.Publish.Public.Client.AzureMarketplacePlan"/>
                <example>
                    <value>
                        <see cref="F:Luna.Publish.Public.Client.AzureMarketplacePlan.example"/>
                    </value>
                    <summary>
                        An example of Azure marketplace plan
                    </summary>
                </example>
                Success
            </response>
            <security type="apiKey" name="x-functions-key">
                <description>Azure function key</description>
                <in>header</in>
            </security>
            <returns></returns>
        </member>
        <member name="M:Luna.Gateway.Functions.GatewayFunctions.UpdateAzureMarketplacePlan(Microsoft.AspNetCore.Http.HttpRequest,System.String,System.String)">
            <summary>
            Update a plan in an Azure Marketplace SaaS offer
            </summary>
            <group>Azure Marketplace</group>
            <verb>PATCH</verb>
            <url>http://localhost:7071/api/marketplace/offers/{offerId}/plans/{planId}</url>
            <param name="offerId" required="true" cref="T:System.String" in="path">Id of marketplace SaaS offer</param>
            <param name="planId" required="true" cref="T:System.String" in="path">Id of marketplace SaaS plan</param>
            <param name="req" in="body">
                <see cref="T:Luna.Publish.Public.Client.AzureMarketplacePlan"/>
                <example>
                    <value>
                        <see cref="F:Luna.Publish.Public.Client.AzureMarketplacePlan.example"/>
                    </value>
                    <summary>
                        An example of Azure marketplace plan
                    </summary>
                </example>
                Request contract
            </param>
            <response code="200">
                <see cref="T:Luna.Publish.Public.Client.AzureMarketplacePlan"/>
                <example>
                    <value>
                        <see cref="F:Luna.Publish.Public.Client.AzureMarketplacePlan.example"/>
                    </value>
                    <summary>
                        An example of Azure marketplace plan
                    </summary>
                </example>
                Success
            </response>
            <security type="apiKey" name="x-functions-key">
                <description>Azure function key</description>
                <in>header</in>
            </security>
            <returns></returns>
        </member>
        <member name="M:Luna.Gateway.Functions.GatewayFunctions.DeleteAzureMarketplacePlan(Microsoft.AspNetCore.Http.HttpRequest,System.String,System.String)">
            <summary>
            Delete a plan in an Azure Marketplace SaaS offer
            </summary>
            <group>Azure Marketplace</group>
            <verb>DELETE</verb>
            <url>http://localhost:7071/api/marketplace/offers/{offerId}/plans/{planId}</url>
            <param name="offerId" required="true" cref="T:System.String" in="path">Id of marketplace SaaS offer</param>
            <param name="planId" required="true" cref="T:System.String" in="path">Id of marketplace SaaS plan</param>
            <param name="req">The http request</param>
            <response code="204">Success</response>
            <security type="apiKey" name="x-functions-key">
                <description>Azure function key</description>
                <in>header</in>
            </security>
            <returns></returns>
        </member>
        <member name="M:Luna.Gateway.Functions.GatewayFunctions.GetAzureMarketplacePlan(Microsoft.AspNetCore.Http.HttpRequest,System.String,System.String)">
            <summary>
            Get a plan in an Azure Marketplace SaaS offer
            </summary>
            <group>Azure Marketplace</group>
            <verb>GET</verb>
            <url>http://localhost:7071/api/marketplace/offers/{offerId}/plans/{planId}</url>
            <param name="offerId" required="true" cref="T:System.String" in="path">Id of marketplace SaaS offer</param>
            <param name="planId" required="true" cref="T:System.String" in="path">Id of marketplace SaaS plan</param>
            <param name="req">http request</param>
            <response code="200">
                <see cref="T:Luna.Publish.Public.Client.AzureMarketplacePlan"/>
                <example>
                    <value>
                        <see cref="F:Luna.Publish.Public.Client.AzureMarketplacePlan.example"/>
                    </value>
                    <summary>
                        An example of Azure marketplace plan
                    </summary>
                </example>
                Success
            </response>
            <security type="apiKey" name="x-functions-key">
                <description>Azure function key</description>
                <in>header</in>
            </security>
            <returns></returns>
        </member>
        <member name="M:Luna.Gateway.Functions.GatewayFunctions.ListAzureMarketplacePlans(Microsoft.AspNetCore.Http.HttpRequest,System.String)">
            <summary>
            List plans in an Azure Marketplace SaaS offer
            </summary>
            <group>Azure Marketplace</group>
            <verb>GET</verb>
            <url>http://localhost:7071/api/marketplace/offers/{offerId}/plans</url>
            <param name="offerId" required="true" cref="T:System.String" in="path">Id of marketplace SaaS offer</param>
            <param name="req">http request</param>
            <response code="200">
                <see cref="T:System.Collections.Generic.List`1"/>
                where T is<see cref="T:Luna.Publish.Public.Client.AzureMarketplacePlan"/>
                <example>
                    <value>
                        <see cref="F:Luna.Publish.Public.Client.AzureMarketplacePlan.example"/>
                    </value>
                    <summary>
                        An example of Azure marketplace plan
                    </summary>
                </example>
                Success
            </response>
            <security type="apiKey" name="x-functions-key">
                <description>Azure function key</description>
                <in>header</in>
            </security>
            <returns></returns>
        </member>
        <member name="M:Luna.Gateway.Functions.GatewayFunctions.GetMarketplaceOfferParameters(Microsoft.AspNetCore.Http.HttpRequest,System.String)">
            <summary>
            Get offer parameters
            </summary>
            <group>Azure Marketplace</group>
            <verb>GET</verb>
            <url>http://localhost:7071/api/marketplace/offers/{offerId}/offerparameters</url>
            <param name="offerId" required="true" cref="T:System.String" in="path">The offer ID</param>
            <param name="req">Http request</param>
            <response code="200">
                <see cref="T:System.Collections.Generic.List`1"/>
                where T is <see cref="T:Luna.Gallery.Public.Client.MarketplaceOfferParameter"/>
                <example>
                    <value>
                        <see cref="F:Luna.Gallery.Public.Client.MarketplaceOfferParameter.example"/>
                    </value>
                    <summary>
                        An example of a marketplace subscription
                    </summary>
                </example>
                Success
            </response>
            <security type="apiKey" name="x-functions-key">
                <description>Azure function key</description>
                <in>header</in>
            </security>
            <returns></returns>
        </member>
        <member name="M:Luna.Gateway.Functions.GatewayFunctions.ResolveMarketplaceSubscription(Microsoft.AspNetCore.Http.HttpRequest)">
            <summary>
            Resolve Azure Marketplace subscription from token
            </summary>
            <group>Azure Marketplace</group>
            <verb>POST</verb>
            <url>http://localhost:7071/api/marketplace/subscriptions/resolveToken</url>
            <param name="req" in="body"><see cref="T:System.String"/>Token</param>
            <response code="200">
                <see cref="T:Luna.Gallery.Public.Client.MarketplaceSubscription"/>
                <example>
                    <value>
                        <see cref="F:Luna.Gallery.Public.Client.MarketplaceSubscription.example"/>
                    </value>
                    <summary>
                        An example of a marketplace subscription
                    </summary>
                </example>
                Success
            </response>
            <security type="apiKey" name="x-functions-key">
                <description>Azure function key</description>
                <in>header</in>
            </security>
            <returns></returns>
        </member>
        <member name="M:Luna.Gateway.Functions.GatewayFunctions.CreateMarketplaceSubscription(Microsoft.AspNetCore.Http.HttpRequest,System.Guid)">
            <summary>
            Create Azure Marketplace subscription
            </summary>
            <group>Azure Marketplace</group>
            <verb>PUT</verb>
            <url>http://localhost:7071/api/marketplace/subscriptions/{subscriptionId}</url>
            <param name="subscriptionId" required="true" cref="T:System.String" in="path">ID of the subscription</param>
            <param name="req" in="body">
                <see cref="T:Luna.Gallery.Public.Client.MarketplaceSubscription"/>
                <example>
                    <value>
                        <see cref="F:Luna.Gallery.Public.Client.MarketplaceSubscription.example"/>
                    </value>
                    <summary>
                        An example of a marketplace subscription
                    </summary>
                </example>
                The subscription
            </param>
            <response code="200">
                <see cref="T:Luna.Gallery.Public.Client.MarketplaceSubscription"/>
                <example>
                    <value>
                        <see cref="F:Luna.Gallery.Public.Client.MarketplaceSubscription.example"/>
                    </value>
                    <summary>
                        An example of a marketplace subscription
                    </summary>
                </example>
                Success
            </response>
            <security type="apiKey" name="x-functions-key">
                <description>Azure function key</description>
                <in>header</in>
            </security>
            <returns></returns>
        </member>
        <member name="M:Luna.Gateway.Functions.GatewayFunctions.RegenerateLunaApplicationMasterKeys(Microsoft.AspNetCore.Http.HttpRequest,System.String)">
            <summary>
            Regenerate application master key
            </summary>
            <group>Applications</group>
            <verb>POST</verb>
            <url>http://localhost:7071/api/manage/applications/{name}/regeneratemasterkeys</url>
            <param name="name" required="true" cref="T:System.String" in="path">Name of the application</param>
            <param name="key-name-name" required="true" cref="T:System.String" in="query">Name of key</param>
            <param name="req">The http request</param>
            <response code="200">
                <see cref="T:Luna.Publish.Public.Client.LunaApplicationMasterKeys"/>
                <example>
                    <value>
                        <see cref="F:Luna.Publish.Public.Client.LunaApplicationMasterKeys.example"/>
                    </value>
                    <summary>
                        An example of Luna application master keys
                    </summary>
                </example>
                Success
            </response>
            <security type="http" name="http-bearer">
                <description>Test security</description>
                <scheme>bearer</scheme>
                <bearerFormat>JWT</bearerFormat>
            </security>
            <returns></returns>
        </member>
        <member name="M:Luna.Gateway.Functions.GatewayFunctions.ListLunaApplications(Microsoft.AspNetCore.Http.HttpRequest)">
            <summary>
            List applications
            </summary>
            <group>Applications</group>
            <verb>GET</verb>
            <url>http://localhost:7071/api/manage/applications</url>
            <param name="req">The http request</param>
            <response code="200">
                <see cref="T:System.Collections.Generic.List`1"/>
                where T is <see cref="T:Luna.Publish.Public.Client.LunaApplication"/>
                Success
            </response>
            <security type="http" name="http-bearer">
                <description>Test security</description>
                <scheme>bearer</scheme>
                <bearerFormat>JWT</bearerFormat>
            </security>
            <returns></returns>
        </member>
        <member name="M:Luna.Gateway.Functions.GatewayFunctions.GetLunaApplicationMasterKeys(Microsoft.AspNetCore.Http.HttpRequest,System.String)">
            <summary>
            Get application master keys
            </summary>
            <group>Applications</group>
            <verb>GET</verb>
            <url>http://localhost:7071/api/manage/applications/{name}/masterkeys</url>
            <param name="name" required="true" cref="T:System.String" in="path">Name of the application</param>
            <param name="req">The http request</param>
            <response code="200">
                <see cref="T:Luna.Publish.Public.Client.LunaApplicationMasterKeys"/>
                <example>
                    <value>
                        <see cref="F:Luna.Publish.Public.Client.LunaApplicationMasterKeys.example"/>
                    </value>
                    <summary>
                        An example of Luna application master keys
                    </summary>
                </example>
                Success
            </response>
            <security type="http" name="http-bearer">
                <description>Test security</description>
                <scheme>bearer</scheme>
                <bearerFormat>JWT</bearerFormat>
            </security>
            <returns></returns>
        </member>
        <member name="M:Luna.Gateway.Functions.GatewayFunctions.CreateLunaApplication(Microsoft.AspNetCore.Http.HttpRequest,System.String)">
            <summary>
            Create a new Luna application
            </summary>
            <group>Applications</group>
            <verb>PUT</verb>
            <url>http://localhost:7071/api/manage/applications/{name}</url>
            <param name="name" required="true" cref="T:System.String" in="path">Name of the application</param>
            <param name="req" in="body">
                <see cref="T:Luna.Publish.Public.Client.LunaApplicationProp"/>
                <example>
                    <value>
                        <see cref="F:Luna.Publish.Public.Client.LunaApplicationProp.example"/>
                    </value>
                    <summary>
                        An example of luna application properties
                    </summary>
                </example>
                Request contract
            </param>
            <response code="200">
                <see cref="T:Luna.Publish.Public.Client.LunaApplicationProp"/>
                <example>
                    <value>
                        <see cref="F:Luna.Publish.Public.Client.LunaApplicationProp.example"/>
                    </value>
                    <summary>
                        An example of luna application properties
                    </summary>
                </example>
                Success
            </response>
            <security type="http" name="http-bearer">
                <description>Test security</description>
                <scheme>bearer</scheme>
                <bearerFormat>JWT</bearerFormat>
            </security>
            <returns></returns>
        </member>
        <member name="M:Luna.Gateway.Functions.GatewayFunctions.UpdateLunaApplication(Microsoft.AspNetCore.Http.HttpRequest,System.String)">
            <summary>
            Update a Luna application
            </summary>
            <group>Applications</group>
            <verb>PATCH</verb>
            <url>http://localhost:7071/api/manage/applications/{name}</url>
            <param name="name" required="true" cref="T:System.String" in="path">Name of the application</param>
            <param name="req" in="body">
                <see cref="T:Luna.Publish.Public.Client.LunaApplicationProp"/>
                <example>
                    <value>
                        <see cref="F:Luna.Publish.Public.Client.LunaApplicationProp.example"/>
                    </value>
                    <summary>
                        An example of luna application properties
                    </summary>
                </example>
                Request contract
            </param>
            <response code="200">
                <see cref="T:Luna.Publish.Public.Client.LunaApplicationProp"/>
                <example>
                    <value>
                        <see cref="F:Luna.Publish.Public.Client.LunaApplicationProp.example"/>
                    </value>
                    <summary>
                        An example of luna application properties
                    </summary>
                </example>
                Success
            </response>
            <security type="http" name="http-bearer">
                <description>Test security</description>
                <scheme>bearer</scheme>
                <bearerFormat>JWT</bearerFormat>
            </security>
            <returns></returns>
        </member>
        <member name="M:Luna.Gateway.Functions.GatewayFunctions.DeleteLunaApplication(Microsoft.AspNetCore.Http.HttpRequest,System.String)">
            <summary>
            Delete a Luna application
            </summary>
            <group>Applications</group>
            <verb>DELETE</verb>
            <url>http://localhost:7071/api/manage/applications/{name}</url>
            <param name="name" required="true" cref="T:System.String" in="path">Name of the application</param>
            <param name="req">Http request</param>
            <response code="204">Success</response>
            <security type="http" name="http-bearer">
                <description>Test security</description>
                <scheme>bearer</scheme>
                <bearerFormat>JWT</bearerFormat>
            </security>
            <returns></returns>
        </member>
        <member name="M:Luna.Gateway.Functions.GatewayFunctions.CreateLunaAPI(Microsoft.AspNetCore.Http.HttpRequest,System.String,System.String)">
            <summary>
            Create an API in a Luna application
            </summary>
            <group>Applications</group>
            <verb>PUT</verb>
            <url>http://localhost:7071/api/manage/applications/{appName}/apis/{apiName}</url>
            <param name="appName" required="true" cref="T:System.String" in="path">Name of the application</param>
            <param name="apiName" required="true" cref="T:System.String" in="path">Name of the API</param>
            <param name="req" in="body">
                <see cref="T:Luna.Publish.Public.Client.BaseLunaAPIProp"/>
                <example>
                    <value>
                        <see cref="F:Luna.Publish.Public.Client.BaseLunaAPIProp.example"/>
                    </value>
                    <summary>
                        An example of luna API properties
                    </summary>
                </example>
                Request contract
            </param>
            <response code="200">
                <see cref="T:Luna.Publish.Public.Client.BaseLunaAPIProp"/>
                <example>
                    <value>
                        <see cref="F:Luna.Publish.Public.Client.BaseLunaAPIProp.example"/>
                    </value>
                    <summary>
                        An example of luna API properties
                    </summary>
                </example>
                Success
            </response>
            <security type="http" name="http-bearer">
                <description>Test security</description>
                <scheme>bearer</scheme>
                <bearerFormat>JWT</bearerFormat>
            </security>
            <returns></returns>
        </member>
        <member name="M:Luna.Gateway.Functions.GatewayFunctions.UpdateLunaAPI(Microsoft.AspNetCore.Http.HttpRequest,System.String,System.String)">
            <summary>
            Update an API in a Luna application
            </summary>
            <group>Applications</group>
            <verb>PATCH</verb>
            <url>http://localhost:7071/api/manage/applications/{appName}/apis/{apiName}</url>
            <param name="appName" required="true" cref="T:System.String" in="path">Name of the application</param>
            <param name="apiName" required="true" cref="T:System.String" in="path">Name of the API</param>
            <param name="req" in="body">
                <see cref="T:Luna.Publish.Public.Client.BaseLunaAPIProp"/>
                <example>
                    <value>
                        <see cref="F:Luna.Publish.Public.Client.BaseLunaAPIProp.example"/>
                    </value>
                    <summary>
                        An example of luna API properties
                    </summary>
                </example>
                Request contract
            </param>
            <response code="200">
                <see cref="T:Luna.Publish.Public.Client.BaseLunaAPIProp"/>
                <example>
                    <value>
                        <see cref="F:Luna.Publish.Public.Client.BaseLunaAPIProp.example"/>
                    </value>
                    <summary>
                        An example of luna API properties
                    </summary>
                </example>
                Success
            </response>
            <security type="http" name="http-bearer">
                <description>Test security</description>
                <scheme>bearer</scheme>
                <bearerFormat>JWT</bearerFormat>
            </security>
            <returns></returns>
        </member>
        <member name="M:Luna.Gateway.Functions.GatewayFunctions.DeleteLunaAPI(Microsoft.AspNetCore.Http.HttpRequest,System.String,System.String)">
            <summary>
            Delete an API from a Luna application
            </summary>
            <group>Applications</group>
            <verb>DELETE</verb>
            <url>http://localhost:7071/api/manage/applications/{appName}/apis/{apiName}</url>
            <param name="appName" required="true" cref="T:System.String" in="path">Name of the application</param>
            <param name="apiName" required="true" cref="T:System.String" in="path">Name of the API</param>
            <param name="req">Http request</param>
            <response code="204">Success</response>
            <security type="http" name="http-bearer">
                <description>Test security</description>
                <scheme>bearer</scheme>
                <bearerFormat>JWT</bearerFormat>
            </security>
            <returns></returns>
        </member>
        <member name="M:Luna.Gateway.Functions.GatewayFunctions.CreateLunaAPIVersion(Microsoft.AspNetCore.Http.HttpRequest,System.String,System.String,System.String)">
            <summary>
            Create a new version in a Luna API
            </summary>
            <group>Applications</group>
            <verb>PUT</verb>
            <url>http://localhost:7071/api/manage/applications/{appName}/apis/{apiName}/versions/{versionName}</url>
            <param name="appName" required="true" cref="T:System.String" in="path">Name of the application</param>
            <param name="apiName" required="true" cref="T:System.String" in="path">Name of the API</param>
            <param name="versionName" required="true" cref="T:System.String" in="path">Name of the Version</param>
            <param name="req" in="body">
                <see cref="T:Luna.Publish.Public.Client.BaseAPIVersionProp"/>
                <example>
                    <value>
                        <see cref="F:Luna.Publish.Public.Client.BaseAPIVersionProp.example"/>
                    </value>
                    <summary>
                        An example of luna API version
                    </summary>
                </example>
                Request contract
            </param>
            <response code="200">
                <see cref="T:Luna.Publish.Public.Client.BaseAPIVersionProp"/>
                <example>
                    <value>
                        <see cref="F:Luna.Publish.Public.Client.BaseAPIVersionProp.example"/>
                    </value>
                    <summary>
                        An example of luna API version
                    </summary>
                </example>
                Success
            </response>
            <security type="http" name="http-bearer">
                <description>Test security</description>
                <scheme>bearer</scheme>
                <bearerFormat>JWT</bearerFormat>
            </security>
            <returns></returns>
        </member>
        <member name="M:Luna.Gateway.Functions.GatewayFunctions.UpdateLunaAPIVersion(Microsoft.AspNetCore.Http.HttpRequest,System.String,System.String,System.String)">
            <summary>
            Update a new version in a Luna API
            </summary>
            <group>Applications</group>
            <verb>PATCH</verb>
            <url>http://localhost:7071/api/manage/applications/{appName}/apis/{apiName}/versions/{versionName}</url>
            <param name="appName" required="true" cref="T:System.String" in="path">Name of the application</param>
            <param name="apiName" required="true" cref="T:System.String" in="path">Name of the API</param>
            <param name="versionName" required="true" cref="T:System.String" in="path">Name of the Version</param>
            <param name="req" in="body">
                <see cref="T:Luna.Publish.Public.Client.BaseAPIVersionProp"/>
                <example>
                    <value>
                        <see cref="F:Luna.Publish.Public.Client.BaseAPIVersionProp.example"/>
                    </value>
                    <summary>
                        An example of luna API version
                    </summary>
                </example>
                Request contract
            </param>
            <response code="200">
                <see cref="T:Luna.Publish.Public.Client.BaseAPIVersionProp"/>
                <example>
                    <value>
                        <see cref="F:Luna.Publish.Public.Client.BaseAPIVersionProp.example"/>
                    </value>
                    <summary>
                        An example of luna API version
                    </summary>
                </example>
                Success
            </response>
            <security type="http" name="http-bearer">
                <description>Test security</description>
                <scheme>bearer</scheme>
                <bearerFormat>JWT</bearerFormat>
            </security>
            <returns></returns>
        </member>
        <member name="M:Luna.Gateway.Functions.GatewayFunctions.DeleteLunaAPIVersion(Microsoft.AspNetCore.Http.HttpRequest,System.String,System.String,System.String)">
            <summary>
            Delete a new version in a Luna API
            </summary>
            <group>Applications</group>
            <verb>DELETE</verb>
            <url>http://localhost:7071/api/manage/applications/{appName}/apis/{apiName}/versions/{versionName}</url>
            <param name="appName" required="true" cref="T:System.String" in="path">Name of the application</param>
            <param name="apiName" required="true" cref="T:System.String" in="path">Name of the API</param>
            <param name="versionName" required="true" cref="T:System.String" in="path">Name of the Version</param>
            <param name="req">Http request</param>
            <response code="204">Success</response>
            <security type="http" name="http-bearer">
                <description>Test security</description>
                <scheme>bearer</scheme>
                <bearerFormat>JWT</bearerFormat>
            </security>
            <returns></returns>
        </member>
        <member name="M:Luna.Gateway.Functions.GatewayFunctions.PublishLunaApplication(Microsoft.AspNetCore.Http.HttpRequest,System.String)">
            <summary>
            Publish a Luna application
            </summary>
            <group>Applications</group>
            <verb>POST</verb>
            <url>http://localhost:7071/api/manage/applications/{name}/publish</url>
            <param name="name" required="true" cref="T:System.String" in="path">Name of the application</param>
            <param name="req">Http request</param>
            <response code="204">Success</response>
            <security type="http" name="http-bearer">
                <description>Test security</description>
                <scheme>bearer</scheme>
                <bearerFormat>JWT</bearerFormat>
            </security>
            <returns></returns>
        </member>
        <member name="M:Luna.Gateway.Functions.GatewayFunctions.GetLunaApplication(Microsoft.AspNetCore.Http.HttpRequest,System.String)">
            <summary>
            Get a Luna application
            </summary>
            <group>Applications</group>
            <verb>GET</verb>
            <url>http://localhost:7071/api/manage/applications/{name}</url>
            <param name="name" required="true" cref="T:System.String" in="path">Name of the application</param>
            <param name="req">Http request</param>
            <response code="200">
                <see cref="T:Luna.Publish.Public.Client.LunaApplicationProp"/>
                <example>
                    <value>
                        <see cref="F:Luna.Publish.Public.Client.LunaApplicationProp.example"/>
                    </value>
                    <summary>
                        An example of luna application properties
                    </summary>
                </example>
                Success
            </response>
            <security type="http" name="http-bearer">
                <description>Test security</description>
                <scheme>bearer</scheme>
                <bearerFormat>JWT</bearerFormat>
            </security>
            <returns></returns>
        </member>
        <member name="M:Luna.Gateway.Functions.GatewayFunctions.RemoveRoleAssignment(Microsoft.AspNetCore.Http.HttpRequest)">
            <summary>
            Remove role assignment
            </summary>
            <group>RBAC</group>
            <verb>POST</verb>
            <url>http://localhost:7071/manage/rbac/roleassignments/remove</url>
            <param name="req" in="body">
                <see cref="T:Luna.RBAC.Public.Client.RoleAssignment"/>
                <example>
                    <value>
                        <see cref="F:Luna.RBAC.Public.Client.RoleAssignment.example"/>
                    </value>
                    <summary>
                        An example of role assignment
                    </summary>
                </example>
                Request contract
            </param>
            <response code="204">Success</response>
            <security type="http" name="http-bearer">
                <description>Test security</description>
                <scheme>bearer</scheme>
                <bearerFormat>JWT</bearerFormat>
            </security>
            <returns></returns>
        </member>
        <member name="M:Luna.Gateway.Functions.GatewayFunctions.ListRoleAssignments(Microsoft.AspNetCore.Http.HttpRequest)">
            <summary>
            Add role assignment
            </summary>
            <group>RBAC</group>
            <verb>POST</verb>
            <url>http://localhost:7071/manage/rbac/roleassignments/add</url>
            <param name="req" in="body">
                <see cref="T:Luna.RBAC.Public.Client.RoleAssignment"/>
                <example>
                    <value>
                        <see cref="F:Luna.RBAC.Public.Client.RoleAssignment.example"/>
                    </value>
                    <summary>
                        An example of role assignment
                    </summary>
                </example>
                Request contract
            </param>
            <response code="200">
                <see cref="T:System.Collections.Generic.List`1"/>
                where T is <see cref="T:Luna.RBAC.Public.Client.RoleAssignment"/>
                <example>
                    <value>
                        <see cref="F:Luna.RBAC.Public.Client.RoleAssignment.example"/>
                    </value>
                    <summary>
                        An example of role assignment
                    </summary>
                </example>
                Request contract
            </response>
            <security type="http" name="http-bearer">
                <description>Test security</description>
                <scheme>bearer</scheme>
                <bearerFormat>JWT</bearerFormat>
            </security>
            <returns></returns>
        </member>
        <member name="M:Luna.Gateway.Functions.GatewayFunctions.AddRoleAssignment(Microsoft.AspNetCore.Http.HttpRequest)">
            <summary>
            List role assignments
            </summary>
            <group>RBAC</group>
            <verb>GET</verb>
            <url>http://localhost:7071/manage/rbac/roleassignments</url>
            <param name="req">The http request</param>
            <response code="204">Success</response>
            <security type="http" name="http-bearer">
                <description>Test security</description>
                <scheme>bearer</scheme>
                <bearerFormat>JWT</bearerFormat>
            </security>
            <returns></returns>
        </member>
        <member name="M:Luna.Gateway.Functions.GatewayFunctions.AddPartnerService(Microsoft.AspNetCore.Http.HttpRequest,System.String)">
            <summary>
            Register a partner service
            </summary>
            <group>Partner Service</group>
            <verb>PUT</verb>
            <url>http://localhost:7071/api/manage/partnerservices/{name}</url>
            <param name="name" required="true" cref="T:System.String" in="path">Name of the partner service</param>
            <param name="req" in="body">
                <see cref="T:Luna.Partner.Public.Client.BasePartnerServiceConfiguration"/>
                <example>
                    <value>
                        <see cref="F:Luna.Partner.Public.Client.BasePartnerServiceConfiguration.example"/>
                    </value>
                    <summary>
                        An example of partner service configuration
                    </summary>
                </example>
                Request contract
            </param>
            <response code="200">
                <see cref="T:Luna.Partner.Public.Client.BasePartnerServiceConfiguration"/>
                <example>
                    <value>
                        <see cref="F:Luna.Partner.Public.Client.BasePartnerServiceConfiguration.example"/>
                    </value>
                    <summary>
                        An example of partner service configuration
                    </summary>
                </example>
                Success
            </response>
            <security type="http" name="http-bearer">
                <description>Test security</description>
                <scheme>bearer</scheme>
                <bearerFormat>JWT</bearerFormat>
            </security>
            <returns></returns>
        </member>
        <member name="M:Luna.Gateway.Functions.GatewayFunctions.UpdatePartnerService(Microsoft.AspNetCore.Http.HttpRequest,System.String)">
            <summary>
            Update a partner service
            </summary>
            <group>Partner Service</group>
            <verb>PATCH</verb>
            <url>http://localhost:7071/api/manage/partnerservices/{name}</url>
            <param name="name" required="true" cref="T:System.String" in="path">Name of the partner service</param>
            <param name="req" in="body">
                <see cref="T:Luna.Partner.Public.Client.BasePartnerServiceConfiguration"/>
                <example>
                    <value>
                        <see cref="F:Luna.Partner.Public.Client.BasePartnerServiceConfiguration.example"/>
                    </value>
                    <summary>
                        An example of partner service configuration
                    </summary>
                </example>
                Request contract
            </param>
            <response code="200">
                <see cref="T:Luna.Partner.Public.Client.BasePartnerServiceConfiguration"/>
                <example>
                    <value>
                        <see cref="F:Luna.Partner.Public.Client.BasePartnerServiceConfiguration.example"/>
                    </value>
                    <summary>
                        An example of partner service configuration
                    </summary>
                </example>
                Success
            </response>
            <security type="http" name="http-bearer">
                <description>Test security</description>
                <scheme>bearer</scheme>
                <bearerFormat>JWT</bearerFormat>
            </security>
            <returns></returns>
        </member>
        <member name="M:Luna.Gateway.Functions.GatewayFunctions.RemovePartnerService(Microsoft.AspNetCore.Http.HttpRequest,System.String)">
            <summary>
            Remove a registered partner service
            </summary>
            <group>Partner Service</group>
            <verb>DELETE</verb>
            <url>http://localhost:7071/api/manage/partnerservices/{name}</url>
            <param name="name" required="true" cref="T:System.String" in="path">Name of the partner service</param>
            <param name="req">Http request</param>
            <response code="204">Success</response>
            <security type="http" name="http-bearer">
                <description>Test security</description>
                <scheme>bearer</scheme>
                <bearerFormat>JWT</bearerFormat>
            </security>
            <returns></returns>
        </member>
        <member name="M:Luna.Gateway.Functions.GatewayFunctions.ListPartnerServices(Microsoft.AspNetCore.Http.HttpRequest)">
            <summary>
            List all partner services
            </summary>
            <group>Partner Service</group>
            <verb>GET</verb>
            <url>http://localhost:7071/api/manage/partnerservices</url>
            <param name="req">Http request</param>
            <param name="type" required="true" cref="T:System.String" in="query">Type of partner service</param>
            <response code="200">
                <see cref="T:System.Collections.Generic.List`1"/>
                where T is <see cref="T:Luna.Partner.Public.Client.PartnerService"/>
                <example>
                    <value>
                        <see cref="F:Luna.Partner.Public.Client.PartnerService.example"/>
                    </value>
                    <summary>
                        An example of Azure ML workspace as partner services
                    </summary>
                </example>
                Success
            </response>
            <security type="http" name="http-bearer">
                <description>Test security</description>
                <scheme>bearer</scheme>
                <bearerFormat>JWT</bearerFormat>
            </security>
            <returns></returns>
        </member>
        <member name="M:Luna.Gateway.Functions.GatewayFunctions.GetPartnerService(Microsoft.AspNetCore.Http.HttpRequest,System.String)">
            <summary>
            Get a partner service
            </summary>
            <group>Partner Service</group>
            <verb>GET</verb>
            <url>http://localhost:7071/api/manage/partnerservices/{name}</url>
            <param name="name" required="true" cref="T:System.String" in="path">Name of the partner service</param>
            <param name="req">Http request</param>
            <response code="200">
                <see cref="T:Luna.Partner.Public.Client.BasePartnerServiceConfiguration"/>
                <example>
                    <value>
                        <see cref="F:Luna.Partner.Public.Client.BasePartnerServiceConfiguration.example"/>
                    </value>
                    <summary>
                        An example of partner service configuration
                    </summary>
                </example>
                Success
            </response>
            <security type="http" name="http-bearer">
                <description>Test security</description>
                <scheme>bearer</scheme>
                <bearerFormat>JWT</bearerFormat>
            </security>
            <returns></returns>
        </member>
        <member name="M:Luna.Gateway.Functions.GatewayFunctions.ListMLHostServiceTypes(Microsoft.AspNetCore.Http.HttpRequest)">
            <summary>
            List supported ML host service types
            </summary>
            <group>Partner Service</group>
            <verb>GET</verb>
            <url>http://localhost:7071/api/manage/partnerservices/metadata/hostservicetypes</url>
            <param name="req">Http request</param>
            <response code="200">
                <see cref="T:System.Collections.Generic.List`1"/>
                where T is <see cref="T:Luna.Partner.Public.Client.ServiceType"/>
                <example>
                    <value>
                        <see cref="F:Luna.Partner.Public.Client.ServiceType.example"/>
                    </value>
                    <summary>
                        An example of service type
                    </summary>
                </example>
                Success
            </response>
            <security type="http" name="http-bearer">
                <description>Test security</description>
                <scheme>bearer</scheme>
                <bearerFormat>JWT</bearerFormat>
            </security>
            <returns></returns>
        </member>
        <member name="M:Luna.Gateway.Functions.GatewayFunctions.ListMLComponentTypes(Microsoft.AspNetCore.Http.HttpRequest,System.String)">
            <summary>
            List supported ML component types by a partner service
            </summary>
            <group>Partner Service</group>
            <verb>GET</verb>
            <url>http://localhost:7071/api/manage/partnerservices/metadata/{serviceType}/mlcomponenttypes</url>
            <param name="serviceType" required="true" cref="T:System.String" in="path">The type of partner service</param>
            <param name="req">Http request</param>
            <response code="200">
                <see cref="T:System.Collections.Generic.List`1"/>
                where T is <see cref="T:Luna.Partner.Public.Client.ComponentType"/>
                <example>
                    <value>
                        <see cref="F:Luna.Partner.Public.Client.ComponentType.example"/>
                    </value>
                    <summary>
                        An example of component type
                    </summary>
                </example>
                Success
            </response>
            <security type="http" name="http-bearer">
                <description>Test security</description>
                <scheme>bearer</scheme>
                <bearerFormat>JWT</bearerFormat>
            </security>
            <returns></returns>
        </member>
        <member name="M:Luna.Gateway.Functions.GatewayFunctions.ListMLComponents(Microsoft.AspNetCore.Http.HttpRequest,System.String,System.String)">
            <summary>
            List specified type of ML components hosted by a partner service
            </summary>
            <group>Partner Service</group>
            <verb>GET</verb>
            <url>http://localhost:7071/api/manage/partnerservices/{serviceName}/mlcomponents/{componentType}</url>
            <param name="serviceName" required="true" cref="T:System.String" in="path">The name of partner service</param>
            <param name="componentType" required="true" cref="T:System.String" in="path">The type of the component</param>
            <param name="req">Http request</param>
            <response code="200">
                <see cref="T:System.Collections.Generic.List`1"/>
                where T is <see cref="T:Luna.Partner.Public.Client.BaseMLComponent"/>
                <example>
                    <value>
                        <see cref="F:Luna.Partner.Public.Client.BaseMLComponent.example"/>
                    </value>
                    <summary>
                        An example of component type
                    </summary>
                </example>
                Success
            </response>
            <security type="http" name="http-bearer">
                <description>Test security</description>
                <scheme>bearer</scheme>
                <bearerFormat>JWT</bearerFormat>
            </security>
            <returns></returns>
        </member>
        <member name="M:Luna.Gateway.Functions.GatewayFunctions.ListMLComputeServiceTypes(Microsoft.AspNetCore.Http.HttpRequest)">
            <summary>
            List supported ML compute service types
            </summary>
            <group>Partner Service</group>
            <verb>GET</verb>
            <url>http://localhost:7071/api/manage/partnerservices/metadata/computeservicetypes</url>
            <param name="req">Http request</param>
            <response code="200">
                <see cref="T:System.Collections.Generic.List`1"/>
                where T is <see cref="T:Luna.Partner.Public.Client.ServiceType"/>
                <example>
                    <value>
                        <see cref="F:Luna.Partner.Public.Client.ServiceType.example"/>
                    </value>
                    <summary>
                        An example of service type
                    </summary>
                </example>
                Success
            </response>
            <security type="http" name="http-bearer">
                <description>Test security</description>
                <scheme>bearer</scheme>
                <bearerFormat>JWT</bearerFormat>
            </security>
            <returns></returns>
        </member>
        <member name="M:Luna.Gateway.Functions.GatewayFunctions.AddAzureMLService(Microsoft.AspNetCore.Http.HttpRequest,System.String)">
            <summary>
            Add Azure ML workspace as a partner service
            </summary>
            <group>Partner Service - deprecated</group>
            <verb>PUT</verb>
            <url>http://localhost:7071/api/manage/partnerservices/azureml/{name}</url>
            <param name="name" required="true" cref="T:System.String" in="path">Name of the partner service</param>
            <param name="req" in="body">
                <see cref="T:Luna.Partner.Public.Client.AzureMLWorkspaceConfiguration"/>
                <example>
                    <value>
                        <see cref="F:Luna.Partner.Public.Client.AzureMLWorkspaceConfiguration.example"/>
                    </value>
                    <summary>
                        An example of Azure ML workspace configuration
                    </summary>
                </example>
                Request contract
            </param>
            <response code="200">
                <see cref="T:Luna.Partner.Public.Client.AzureMLWorkspaceConfiguration"/>
                <example>
                    <value>
                        <see cref="F:Luna.Partner.Public.Client.AzureMLWorkspaceConfiguration.example"/>
                    </value>
                    <summary>
                        An example of Azure ML workspace configuration
                    </summary>
                </example>
                Success
            </response>
            <security type="http" name="http-bearer">
                <description>Test security</description>
                <scheme>bearer</scheme>
                <bearerFormat>JWT</bearerFormat>
            </security>
            <returns></returns>
        </member>
        <member name="M:Luna.Gateway.Functions.GatewayFunctions.UpdateAzureMLService(Microsoft.AspNetCore.Http.HttpRequest,System.String)">
            <summary>
            Update Azure ML workspace as a partner service
            </summary>
            <group>Partner Service - deprecated</group>
            <verb>PATCH</verb>
            <url>http://localhost:7071/api/manage/partnerservices/azureml/{name}</url>
            <param name="name" required="true" cref="T:System.String" in="path">Name of the partner service</param>
            <param name="req" in="body">
                <see cref="T:Luna.Partner.Public.Client.AzureMLWorkspaceConfiguration"/>
                <example>
                    <value>
                        <see cref="F:Luna.Partner.Public.Client.AzureMLWorkspaceConfiguration.example"/>
                    </value>
                    <summary>
                        An example of Azure ML workspace configuration
                    </summary>
                </example>
                Request contract
            </param>
            <response code="200">
                <see cref="T:Luna.Partner.Public.Client.AzureMLWorkspaceConfiguration"/>
                <example>
                    <value>
                        <see cref="F:Luna.Partner.Public.Client.AzureMLWorkspaceConfiguration.example"/>
                    </value>
                    <summary>
                        An example of Azure ML workspace configuration
                    </summary>
                </example>
                Success
            </response>
            <security type="http" name="http-bearer">
                <description>Test security</description>
                <scheme>bearer</scheme>
                <bearerFormat>JWT</bearerFormat>
            </security>
            <returns></returns>
        </member>
        <member name="M:Luna.Gateway.Functions.GatewayFunctions.RemoveAzureMLService(Microsoft.AspNetCore.Http.HttpRequest,System.String)">
            <summary>
            Remove Azure ML workspace as a partner service
            </summary>
            <group>Partner Service - deprecated</group>
            <verb>DELETE</verb>
            <url>http://localhost:7071/api/manage/partnerservices/azureml/{name}</url>
            <param name="name" required="true" cref="T:System.String" in="path">Name of the partner service</param>
            <param name="req">Http request</param>
            <response code="204">Success</response>
            <security type="http" name="http-bearer">
                <description>Test security</description>
                <scheme>bearer</scheme>
                <bearerFormat>JWT</bearerFormat>
            </security>
            <returns></returns>
        </member>
        <member name="M:Luna.Gateway.Functions.GatewayFunctions.ListAzureMLPartnerServices(Microsoft.AspNetCore.Http.HttpRequest)">
            <summary>
            List Azure ML workspaces registered as a partner service
            </summary>
            <group>Partner Service - deprecated</group>
            <verb>GET</verb>
            <url>http://localhost:7071/api/manage/partnerservices/azureml</url>
            <param name="req">Http request</param>
            <response code="200">
                <see cref="T:System.Collections.Generic.List`1"/>
                where T is <see cref="T:Luna.Partner.Public.Client.PartnerService"/>
                <example>
                    <value>
                        <see cref="F:Luna.Partner.Public.Client.PartnerService.example"/>
                    </value>
                    <summary>
                        An example of Azure ML workspace as partner services
                    </summary>
                </example>
                Success
            </response>
            <security type="http" name="http-bearer">
                <description>Test security</description>
                <scheme>bearer</scheme>
                <bearerFormat>JWT</bearerFormat>
            </security>
            <returns></returns>
        </member>
        <member name="M:Luna.Gateway.Functions.GatewayFunctions.GetAzureMLService(Microsoft.AspNetCore.Http.HttpRequest,System.String)">
            <summary>
            Get an Azure ML workspace as a partner service
            </summary>
            <group>Partner Service - deprecated</group>
            <verb>GET</verb>
            <url>http://localhost:7071/api/manage/partnerservices/azureml/{name}</url>
            <param name="name" required="true" cref="T:System.String" in="path">Name of the partner service</param>
            <param name="req">Http request</param>
            <response code="200">
                <see cref="T:Luna.Partner.Public.Client.AzureMLWorkspaceConfiguration"/>
                <example>
                    <value>
                        <see cref="F:Luna.Partner.Public.Client.AzureMLWorkspaceConfiguration.example"/>
                    </value>
                    <summary>
                        An example of Azure ML workspace configuration
                    </summary>
                </example>
                Success
            </response>
            <security type="http" name="http-bearer">
                <description>Test security</description>
                <scheme>bearer</scheme>
                <bearerFormat>JWT</bearerFormat>
            </security>
            <returns></returns>
        </member>
        <member name="M:Luna.Gateway.Functions.GatewayFunctions.GetPublishedApplication(Microsoft.AspNetCore.Http.HttpRequest,System.String)">
            <summary>
            Get a published Luna application
            </summary>
            <group>ML Gallery</group>
            <verb>GET</verb>
            <url>http://localhost:7071/api/gallery/applications/{appName}</url>
            <param name="appName" required="true" cref="T:System.String" in="path">The name of the application</param>
            <param name="req">Http request</param>
            <response code="200">
                <see cref="T:Luna.Gallery.Public.Client.PublishedLunaApplication"/>
                <example>
                    <value>
                        <see cref="F:Luna.Gallery.Public.Client.PublishedLunaApplication.example"/>
                    </value>
                    <summary>
                        An example of a published Luna application
                    </summary>
                </example>
                Success
            </response>
            <security type="http" name="http-bearer">
                <description>Test security</description>
                <scheme>bearer</scheme>
                <bearerFormat>JWT</bearerFormat>
            </security>
            <returns></returns>
        </member>
        <member name="M:Luna.Gateway.Functions.GatewayFunctions.ListPublishedApplications(Microsoft.AspNetCore.Http.HttpRequest)">
            <summary>
            List published Luna applications
            </summary>
            <group>ML Gallery</group>
            <verb>GET</verb>
            <url>http://localhost:7071/api/gallery/applications</url>
            <param name="req">Http request</param>
            <response code="200">
                <see cref="T:System.Collections.Generic.List`1"/>
                where T is <see cref="T:Luna.Gallery.Public.Client.PublishedLunaApplication"/>
                <example>
                    <value>
                        <see cref="F:Luna.Gallery.Public.Client.PublishedLunaApplication.example"/>
                    </value>
                    <summary>
                        An example of a published Luna application
                    </summary>
                </example>
                Success
            </response>
            <security type="http" name="http-bearer">
                <description>Test security</description>
                <scheme>bearer</scheme>
                <bearerFormat>JWT</bearerFormat>
            </security>
            <returns></returns>
        </member>
        <member name="M:Luna.Gateway.Functions.GatewayFunctions.GetPublishedApplicationSwagger(Microsoft.AspNetCore.Http.HttpRequest,System.String)">
            <summary>
            Get swagger of a published Luna application
            </summary>
            <group>ML Gallery</group>
            <verb>GET</verb>
            <url>http://localhost:7071/api/gallery/applications/{appName}/swagger</url>
            <param name="appName" required="true" cref="T:System.String" in="path">The name of the application</param>
            <param name="req">Http request</param>
            <response code="200">
                <see cref="T:Luna.Gallery.Public.Client.LunaApplicationSwagger"/>
                <example>
                    <value>
                        <see cref="F:Luna.Gallery.Public.Client.LunaApplicationSwagger.example"/>
                    </value>
                    <summary>
                        An example of swagger of Luna application
                    </summary>
                </example>
                Success
            </response>
            <security type="http" name="http-bearer">
                <description>Test security</description>
                <scheme>bearer</scheme>
                <bearerFormat>JWT</bearerFormat>
            </security>
            <returns></returns>
        </member>
        <member name="M:Luna.Gateway.Functions.GatewayFunctions.GetRecommendedPublishedApplications(Microsoft.AspNetCore.Http.HttpRequest,System.String)">
            <summary>
            Get recommended applications for the specified Luna application
            </summary>
            <group>ML Gallery</group>
            <verb>GET</verb>
            <url>http://localhost:7071/api/gallery/applications/{appName}/recommended</url>
            <param name="appName" required="true" cref="T:System.String" in="path">The name of the application</param>
            <param name="req">Http request</param>
            <response code="200">
                <see cref="T:System.Collections.Generic.List`1"/>
                where T is <see cref="T:Luna.Gallery.Public.Client.PublishedLunaApplication"/>
                <example>
                    <value>
                        <see cref="F:Luna.Gallery.Public.Client.PublishedLunaApplication.example"/>
                    </value>
                    <summary>
                        An example of a published Luna application
                    </summary>
                </example>
                Success
            </response>
            <security type="http" name="http-bearer">
                <description>Test security</description>
                <scheme>bearer</scheme>
                <bearerFormat>JWT</bearerFormat>
            </security>
            <returns></returns>
        </member>
        <member name="M:Luna.Gateway.Functions.GatewayFunctions.CreateSubscription(Microsoft.AspNetCore.Http.HttpRequest,System.String,System.String)">
            <summary>
            Create a subscription of a published Luna application
            </summary>
            <group>ML Gallery</group>
            <verb>PUT</verb>
            <url>http://localhost:7071/api/gallery/applications/{appName}/subscriptions/{subscriptionName}</url>
            <param name="appName" required="true" cref="T:System.String" in="path">Name of the Luna application</param>
            <param name="subscriptionName" required="true" cref="T:System.String" in="path">Name of the subscription</param>
            <param name="req">Http request</param>
            <response code="200">
                <see cref="T:Luna.Gallery.Public.Client.LunaApplicationSubscription"/>
                <example>
                    <value>
                        <see cref="F:Luna.Gallery.Public.Client.LunaApplicationSubscription.example"/>
                    </value>
                    <summary>
                        An example of Luna application subscription
                    </summary>
                </example>
                Success
            </response>
            <security type="http" name="http-bearer">
                <description>Test security</description>
                <scheme>bearer</scheme>
                <bearerFormat>JWT</bearerFormat>
            </security>
            <returns></returns>
        </member>
        <member name="M:Luna.Gateway.Functions.GatewayFunctions.DeleteSubscription(Microsoft.AspNetCore.Http.HttpRequest,System.String,System.String)">
            <summary>
            Delete a subscription of a published Luna application
            </summary>
            <group>ML Gallery</group>
            <verb>DELETE</verb>
            <url>http://localhost:7071/api/gallery/applications/{appName}/subscriptions/{subscriptionNameOrId}</url>
            <param name="appName" required="true" cref="T:System.String" in="path">Name of the Luna application</param>
            <param name="subscriptionNameOrId" required="true" cref="T:System.String" in="path">Name or id of the subscription</param>
            <param name="req">Http request</param>
            <response code="204">Success</response>
            <security type="http" name="http-bearer">
                <description>Test security</description>
                <scheme>bearer</scheme>
                <bearerFormat>JWT</bearerFormat>
            </security>
            <returns></returns>
        </member>
        <member name="M:Luna.Gateway.Functions.GatewayFunctions.GetSubscription(Microsoft.AspNetCore.Http.HttpRequest,System.String,System.String)">
            <summary>
            Get a subscription of Luna application
            </summary>
            <group>ML Gallery</group>
            <verb>GET</verb>
            <url>http://localhost:7071/api/gallery/applications/{appName}/subscriptions/{subscriptionNameOrId}</url>
            <param name="appName" required="true" cref="T:System.String" in="path">The name of the application</param>
            <param name="subscriptionNameOrId" required="true" cref="T:System.String" in="path">Name or id of the subscription</param>
            <param name="req">Http request</param>
            <response code="200">
                <see cref="T:Luna.Gallery.Public.Client.LunaApplicationSubscription"/>
                <example>
                    <value>
                        <see cref="F:Luna.Gallery.Public.Client.LunaApplicationSubscription.example"/>
                    </value>
                    <summary>
                        An example of subscription of Luna application
                    </summary>
                </example>
                Success
            </response>
            <security type="http" name="http-bearer">
                <description>Test security</description>
                <scheme>bearer</scheme>
                <bearerFormat>JWT</bearerFormat>
            </security>
            <returns></returns>
        </member>
        <member name="M:Luna.Gateway.Functions.GatewayFunctions.ListSubscriptions(Microsoft.AspNetCore.Http.HttpRequest,System.String)">
            <summary>
            List all subscription of a Luna application for current user
            </summary>
            <group>ML Gallery</group>
            <verb>GET</verb>
            <url>http://localhost:7071/api/gallery/applications/{appName}/subscriptions</url>
            <param name="appName" required="true" cref="T:System.String" in="path">The name of the application</param>
            <param name="req">Http request</param>
            <response code="200">
                <see cref="T:System.Collections.Generic.List`1"/>
                where T is <see cref="T:Luna.Gallery.Public.Client.LunaApplicationSubscription"/>
                <example>
                    <value>
                        <see cref="F:Luna.Gallery.Public.Client.LunaApplicationSubscription.example"/>
                    </value>
                    <summary>
                        An example of subscription of Luna application
                    </summary>
                </example>
                Success
            </response>
            <security type="http" name="http-bearer">
                <description>Test security</description>
                <scheme>bearer</scheme>
                <bearerFormat>JWT</bearerFormat>
            </security>
            <returns></returns>
        </member>
        <member name="M:Luna.Gateway.Functions.GatewayFunctions.AddSubscriptionOwner(Microsoft.AspNetCore.Http.HttpRequest,System.String,System.String)">
            <summary>
            Add a owner to the specified subscription
            </summary>
            <group>ML Gallery</group>
            <verb>POST</verb>
            <url>http://localhost:7071/api/gallery/applications/{appName}/subscriptions/{subscriptionNameOrId}/addOwner</url>
            <param name="appName" required="true" cref="T:System.String" in="path">Name of the Luna application</param>
            <param name="subscriptionNameOrId" required="true" cref="T:System.String" in="path">Name or id of the subscription</param>
            <param name="req" in="body">
                <see cref="T:Luna.Gallery.Public.Client.LunaApplicationSubscriptionOwner"/>
                <example>
                    <value>
                        <see cref="F:Luna.Gallery.Public.Client.LunaApplicationSubscriptionOwner.example"/>
                    </value>
                    <summary>
                        An example of owner of Luna application subscription
                    </summary>
                </example>
                Request contract
            </param>
            <response code="200">
                <see cref="T:Luna.Gallery.Public.Client.LunaApplicationSubscriptionOwner"/>
                <example>
                    <value>
                        <see cref="F:Luna.Gallery.Public.Client.LunaApplicationSubscriptionOwner.example"/>
                    </value>
                    <summary>
                        An example of owner of Luna application subscription
                    </summary>
                </example>
                Success
            </response>
            <security type="http" name="http-bearer">
                <description>Test security</description>
                <scheme>bearer</scheme>
                <bearerFormat>JWT</bearerFormat>
            </security>
            <returns></returns>
        </member>
        <member name="M:Luna.Gateway.Functions.GatewayFunctions.RemoveSubscriptionOwner(Microsoft.AspNetCore.Http.HttpRequest,System.String,System.String)">
            <summary>
            Remove a owner from the specified subscription
            </summary>
            <group>ML Gallery</group>
            <verb>POST</verb>
            <url>http://localhost:7071/api/gallery/applications/{appName}/subscriptions/{subscriptionNameOrId}/removeOwner</url>
            <param name="appName" required="true" cref="T:System.String" in="path">Name of the Luna application</param>
            <param name="subscriptionNameOrId" required="true" cref="T:System.String" in="path">Name or id of the subscription</param>
            <param name="req" in="body">
                <see cref="T:Luna.Gallery.Public.Client.LunaApplicationSubscriptionOwner"/>
                <example>
                    <value>
                        <see cref="F:Luna.Gallery.Public.Client.LunaApplicationSubscriptionOwner.example"/>
                    </value>
                    <summary>
                        An example of owner of Luna application subscription
                    </summary>
                </example>
                Request contract
            </param>
            <response code="200">
                <see cref="T:Luna.Gallery.Public.Client.LunaApplicationSubscriptionOwner"/>
                <example>
                    <value>
                        <see cref="F:Luna.Gallery.Public.Client.LunaApplicationSubscriptionOwner.example"/>
                    </value>
                    <summary>
                        An example of owner of Luna application subscription
                    </summary>
                </example>
                Success
            </response>
            <security type="http" name="http-bearer">
                <description>Test security</description>
                <scheme>bearer</scheme>
                <bearerFormat>JWT</bearerFormat>
            </security>
            <returns></returns>
        </member>
        <member name="M:Luna.Gateway.Functions.GatewayFunctions.RegenerateSubscriptionKey(Microsoft.AspNetCore.Http.HttpRequest,System.String,System.String)">
            <summary>
            Regenerate key for the specified subscription
            </summary>
            <group>ML Gallery</group>
            <verb>POST</verb>
            <url>http://localhost:7071/api/gallery/applications/{appName}/subscriptions/{subscriptionNameOrId}/regenerateKey</url>
            <param name="appName" required="true" cref="T:System.String" in="path">Name of the Luna application</param>
            <param name="subscriptionNameOrId" required="true" cref="T:System.String" in="path">Name or id of the subscription</param>
            <param name="key-name-name" required="true" cref="T:System.String" in="query">Name of the key</param>
            <param name="req">Http request</param>
            <response code="200">
                <see cref="T:Luna.Gallery.Public.Client.LunaApplicationSubscriptionKeys"/>
                <example>
                    <value>
                        <see cref="F:Luna.Gallery.Public.Client.LunaApplicationSubscriptionKeys.example"/>
                    </value>
                    <summary>
                        An example of keys of Luna application subscription
                    </summary>
                </example>
                Success
            </response>
            <security type="http" name="http-bearer">
                <description>Test security</description>
                <scheme>bearer</scheme>
                <bearerFormat>JWT</bearerFormat>
            </security>
            <returns></returns>
        </member>
        <member name="M:Luna.Gateway.Functions.GatewayFunctions.UpdateSubscriptionNotes(Microsoft.AspNetCore.Http.HttpRequest,System.String,System.String)">
            <summary>
            Update notes for the specified subscription
            </summary>
            <group>ML Gallery</group>
            <verb>POST</verb>
            <url>http://localhost:7071/api/gallery/applications/{appName}/subscriptions/{subscriptionNameOrId}/updatenotes</url>
            <param name="appName" required="true" cref="T:System.String" in="path">Name of the Luna application</param>
            <param name="subscriptionNameOrId" required="true" cref="T:System.String" in="path">Name or id of the subscription</param>
            <param name="req" in="body">
                <see cref="T:Luna.Gallery.Public.Client.LunaApplicationSubscriptionNotes"/>
                <example>
                    <value>
                        <see cref="F:Luna.Gallery.Public.Client.LunaApplicationSubscriptionNotes.example"/>
                    </value>
                    <summary>
                        An example of notes of Luna application subscription
                    </summary>
                </example>
                Request contract
            </param>
            <response code="200">
                <see cref="T:Luna.Gallery.Public.Client.LunaApplicationSubscriptionNotes"/>
                <example>
                    <value>
                        <see cref="F:Luna.Gallery.Public.Client.LunaApplicationSubscriptionNotes.example"/>
                    </value>
                    <summary>
                        An example of notes of Luna application subscription
                    </summary>
                </example>
                Success
            </response>
            <security type="http" name="http-bearer">
                <description>Test security</description>
                <scheme>bearer</scheme>
                <bearerFormat>JWT</bearerFormat>
            </security>
            <returns></returns>
        </member>
        <member name="M:Luna.Gateway.Functions.GatewayFunctions.CreateApplicationPublisher(Microsoft.AspNetCore.Http.HttpRequest,System.String)">
            <summary>
            Register a publisher
            </summary>
            <group>ML Gallery</group>
            <verb>PUT</verb>
            <url>http://localhost:7071/api/gallery/applicationpublishers/{name}</url>
            <param name="name" required="true" cref="T:System.String" in="path">Name of the webhook</param>
            <param name="req" in="body">
                <see cref="T:Luna.Gallery.Public.Client.ApplicationPublisher"/>
                <example>
                    <value>
                        <see cref="F:Luna.Gallery.Public.Client.ApplicationPublisher.example"/>
                    </value>
                    <summary>
                        An example of application publisher
                    </summary>
                </example>
                Request contract
            </param>
            <response code="200">
                <see cref="T:Luna.Gallery.Public.Client.ApplicationPublisher"/>
                <example>
                    <value>
                        <see cref="F:Luna.Gallery.Public.Client.ApplicationPublisher.example"/>
                    </value>
                    <summary>
                        An example of application publisher
                    </summary>
                </example>
                Success
            </response>
            <security type="apiKey" name="x-functions-key">
                <description>Azure function key</description>
                <in>header</in>
            </security>
            <returns></returns>
        </member>
        <member name="M:Luna.Gateway.Functions.GatewayFunctions.UpdateApplicationPublisher(Microsoft.AspNetCore.Http.HttpRequest,System.String)">
            <summary>
            Update a publisher
            </summary>
            <group>ML Gallery</group>
            <verb>PATCH</verb>
            <url>http://localhost:7071/api/gallery/applicationpublishers/{name}</url>
            <param name="name" required="true" cref="T:System.String" in="path">Name of the webhook</param>
            <param name="req" in="body">
                <see cref="T:Luna.Gallery.Public.Client.ApplicationPublisher"/>
                <example>
                    <value>
                        <see cref="F:Luna.Gallery.Public.Client.ApplicationPublisher.example"/>
                    </value>
                    <summary>
                        An example of application publisher
                    </summary>
                </example>
                Request contract
            </param>
            <response code="200">
                <see cref="T:Luna.Gallery.Public.Client.ApplicationPublisher"/>
                <example>
                    <value>
                        <see cref="F:Luna.Gallery.Public.Client.ApplicationPublisher.example"/>
                    </value>
                    <summary>
                        An example of application publisher
                    </summary>
                </example>
                Success
            </response>
            <security type="apiKey" name="x-functions-key">
                <description>Azure function key</description>
                <in>header</in>
            </security>
            <returns></returns>
        </member>
        <member name="M:Luna.Gateway.Functions.GatewayFunctions.DeleteApplicationPublisher(Microsoft.AspNetCore.Http.HttpRequest,System.String)">
            <summary>
            Delete a publisher
            </summary>
            <group>ML Gallery</group>
            <verb>DELETE</verb>
            <url>http://localhost:7071/api/gallery/applicationpublishers/{name}</url>
            <param name="name" required="true" cref="T:System.String" in="path">Name of the webhook</param>
            <param name="req">The http request</param>
            <response code="204">Success</response>
            <security type="apiKey" name="x-functions-key">
                <description>Azure function key</description>
                <in>header</in>
            </security>
            <returns></returns>
        </member>
        <member name="M:Luna.Gateway.Functions.GatewayFunctions.GetApplicationPublisher(Microsoft.AspNetCore.Http.HttpRequest,System.String)">
            <summary>
            Get a publisher
            </summary>
            <group>ML Gallery</group>
            <verb>GET</verb>
            <url>http://localhost:7071/api/gallery/applicationpublishers/{name}</url>
            <param name="name" required="true" cref="T:System.String" in="path">Name of the webhook</param>
            <param name="req">http request</param>
            <response code="200">
                <see cref="T:Luna.Gallery.Public.Client.ApplicationPublisher"/>
                <example>
                    <value>
                        <see cref="F:Luna.Gallery.Public.Client.ApplicationPublisher.example"/>
                    </value>
                    <summary>
                        An example of application publisher
                    </summary>
                </example>
                Success
            </response>
            <security type="apiKey" name="x-functions-key">
                <description>Azure function key</description>
                <in>header</in>
            </security>
            <returns></returns>
        </member>
        <member name="M:Luna.Gateway.Functions.GatewayFunctions.ListApplicationPublishers(Microsoft.AspNetCore.Http.HttpRequest)">
            <summary>
            List publishers
            </summary>
            <group>ML Gallery</group>
            <verb>GET</verb>
            <url>http://localhost:7071/api/gallery/applicationpublishers</url>
            <param name="type" required="false" cref="T:System.String" in="query">Type of the publisher</param>
            <param name="req">http request</param>
            <response code="200">
                <see cref="T:System.Collections.Generic.List`1"/>
                where T is <see cref="T:Luna.Gallery.Public.Client.ApplicationPublisher"/>
                <example>
                    <value>
                        <see cref="F:Luna.Gallery.Public.Client.ApplicationPublisher.example"/>
                    </value>
                    <summary>
                        An example of application publisher
                    </summary>
                </example>
                Success
            </response>
            <security type="apiKey" name="x-functions-key">
                <description>Azure function key</description>
                <in>header</in>
            </security>
            <returns></returns>
        </member>
        <member name="M:Luna.Gateway.Functions.GatewayFunctions.CreateAutomationWebhook(Microsoft.AspNetCore.Http.HttpRequest,System.String)">
            <summary>
            Create an automation webhook
            </summary>
            <group>Review Settings</group>
            <verb>PUT</verb>
            <url>http://localhost:7071/api/reviewsettings/webhooks/{name}</url>
            <param name="name" required="true" cref="T:System.String" in="path">Name of the webhook</param>
            <param name="req" in="body">
                <see cref="T:Luna.Publish.Public.Client.AutomationWebhook"/>
                <example>
                    <value>
                        <see cref="F:Luna.Publish.Public.Client.AutomationWebhook.example"/>
                    </value>
                    <summary>
                        An example of Automation webhook
                    </summary>
                </example>
                Request contract
            </param>
            <response code="200">
                <see cref="T:Luna.Publish.Public.Client.AutomationWebhook"/>
                <example>
                    <value>
                        <see cref="F:Luna.Publish.Public.Client.AutomationWebhook.example"/>
                    </value>
                    <summary>
                        An example of Automation webhook
                    </summary>
                </example>
                Success
            </response>
            <security type="apiKey" name="x-functions-key">
                <description>Azure function key</description>
                <in>header</in>
            </security>
            <returns></returns>
        </member>
        <member name="M:Luna.Gateway.Functions.GatewayFunctions.UpdateAutomationWebhook(Microsoft.AspNetCore.Http.HttpRequest,System.String)">
            <summary>
            Update an automation webhook
            </summary>
            <group>Review Settings</group>
            <verb>PATCH</verb>
            <url>http://localhost:7071/api/reviewsettings/webhooks/{name}</url>
            <param name="name" required="true" cref="T:System.String" in="path">Name of the automation webhook</param>
            <param name="req" in="body">
                <see cref="T:Luna.Publish.Public.Client.AutomationWebhook"/>
                <example>
                    <value>
                        <see cref="F:Luna.Publish.Public.Client.AutomationWebhook.example"/>
                    </value>
                    <summary>
                        An example of automation webhook
                    </summary>
                </example>
                Request contract
            </param>
            <response code="200">
                <see cref="T:Luna.Publish.Public.Client.AutomationWebhook"/>
                <example>
                    <value>
                        <see cref="F:Luna.Publish.Public.Client.AutomationWebhook.example"/>
                    </value>
                    <summary>
                        An example of automation webhook
                    </summary>
                </example>
                Success
            </response>
            <security type="apiKey" name="x-functions-key">
                <description>Azure function key</description>
                <in>header</in>
            </security>
            <returns></returns>
        </member>
        <member name="M:Luna.Gateway.Functions.GatewayFunctions.DeleteAutomationWebhook(Microsoft.AspNetCore.Http.HttpRequest,System.String)">
            <summary>
            Delete an automation webhook
            </summary>
            <group>Review Settings</group>
            <verb>DELETE</verb>
            <url>http://localhost:7071/api/reviewsettings/webhooks/{name}</url>
            <param name="name" required="true" cref="T:System.String" in="path">Name of the automation webhook</param>
            <param name="req">The http request</param>
            <response code="204">Success</response>
            <security type="apiKey" name="x-functions-key">
                <description>Azure function key</description>
                <in>header</in>
            </security>
            <returns></returns>
        </member>
        <member name="M:Luna.Gateway.Functions.GatewayFunctions.GetAutomationWebhook(Microsoft.AspNetCore.Http.HttpRequest,System.String)">
            <summary>
            Get an automation webhook
            </summary>
            <group>Review Settings</group>
            <verb>GET</verb>
            <url>http://localhost:7071/api/reviewsettings/webhooks/{name}</url>
            <param name="name" required="true" cref="T:System.String" in="path">Name of the automation webhook</param>
            <param name="req">http request</param>
            <response code="200">
                <see cref="T:Luna.Publish.Public.Client.AutomationWebhook"/>
                <example>
                    <value>
                        <see cref="F:Luna.Publish.Public.Client.AutomationWebhook.example"/>
                    </value>
                    <summary>
                        An example of automation webhook
                    </summary>
                </example>
                Success
            </response>
            <security type="apiKey" name="x-functions-key">
                <description>Azure function key</description>
                <in>header</in>
            </security>
            <returns></returns>
        </member>
        <member name="M:Luna.Gateway.Functions.GatewayFunctions.ListAutomationWebhook(Microsoft.AspNetCore.Http.HttpRequest)">
            <summary>
            List automation webhooks
            </summary>
            <group>Application Review</group>
            <verb>GET</verb>
            <url>http://localhost:7071/api/reviewsettings/webhooks</url>
            <param name="req">http request</param>
            <response code="200">
                <see cref="T:System.Collections.Generic.List`1"/>
                where T is <see cref="T:Luna.Publish.Public.Client.AutomationWebhook"/>
                <example>
                    <value>
                        <see cref="F:Luna.Publish.Public.Client.AutomationWebhook.example"/>
                    </value>
                    <summary>
                        An example of automation webhook
                    </summary>
                </example>
                Success
            </response>
            <security type="apiKey" name="x-functions-key">
                <description>Azure function key</description>
                <in>header</in>
            </security>
            <returns></returns>
        </member>
    </members>
</doc>
