{
  "generatedBy": "Microsoft.NET.Sdk.Functions-3.0.13",
  "configurationSource": "attributes",
  "bindings": [
    {
      "type": "httpTrigger",
      "route": "manage/partnerservices/metadata/{serviceType}/mlcomponenttypes",
      "methods": [
        "get"
      ],
      "authLevel": "anonymous",
      "name": "req"
    }
  ],
  "disabled": false,
  "scriptFile": "../bin/Luna.Gateway.Functions.dll",
  "entryPoint": "Luna.Gateway.Functions.GatewayFunctions.ListMLComponentTypes"
}