<?xml version="1.0"?>
<doc>
    <assembly>
        <name>Luna.Gallery.Functions</name>
    </assembly>
    <members>
        <member name="T:Luna.Gallery.Functions.GalleryServiceFunctions">
            <summary>
            The service maintains all routings
            </summary>
        </member>
        <member name="M:Luna.Gallery.Functions.GalleryServiceFunctions.Test(Microsoft.AspNetCore.Http.HttpRequest)">
            <summary>
            Test endpoint
            </summary>
            <param name="req">The http request</param>
            <returns></returns>
        </member>
        <member name="M:Luna.Gallery.Functions.GalleryServiceFunctions.CreateApplicationPublisher(Microsoft.AspNetCore.Http.HttpRequest,System.String)">
            <summary>
            Register a publisher
            </summary>
            <group>Applicaton Publisher</group>
            <verb>PUT</verb>
            <url>http://localhost:7071/api/applicationpublishers/{name}</url>
            <param name="name" required="true" cref="T:System.String" in="path">Name of the webhook</param>
            <param name="req" in="body">
                <see cref="T:Luna.Gallery.Public.Client.ApplicationPublisher"/>
                <example>
                    <value>
                        <see cref="F:Luna.Gallery.Public.Client.ApplicationPublisher.example"/>
                    </value>
                    <summary>
                        An example of application publisher
                    </summary>
                </example>
                Request contract
            </param>
            <response code="200">
                <see cref="T:Luna.Gallery.Public.Client.ApplicationPublisher"/>
                <example>
                    <value>
                        <see cref="F:Luna.Gallery.Public.Client.ApplicationPublisher.example"/>
                    </value>
                    <summary>
                        An example of application publisher
                    </summary>
                </example>
                Success
            </response>
            <security type="apiKey" name="x-functions-key">
                <description>Azure function key</description>
                <in>header</in>
            </security>
            <returns></returns>
        </member>
        <member name="M:Luna.Gallery.Functions.GalleryServiceFunctions.UpdateApplicationPublisher(Microsoft.AspNetCore.Http.HttpRequest,System.String)">
            <summary>
            Update a publisher
            </summary>
            <group>Applicaton Publisher</group>
            <verb>PATCH</verb>
            <url>http://localhost:7071/api/applicationpublishers/{name}</url>
            <param name="name" required="true" cref="T:System.String" in="path">Name of the webhook</param>
            <param name="req" in="body">
                <see cref="T:Luna.Gallery.Public.Client.ApplicationPublisher"/>
                <example>
                    <value>
                        <see cref="F:Luna.Gallery.Public.Client.ApplicationPublisher.example"/>
                    </value>
                    <summary>
                        An example of application publisher
                    </summary>
                </example>
                Request contract
            </param>
            <response code="200">
                <see cref="T:Luna.Gallery.Public.Client.ApplicationPublisher"/>
                <example>
                    <value>
                        <see cref="F:Luna.Gallery.Public.Client.ApplicationPublisher.example"/>
                    </value>
                    <summary>
                        An example of application publisher
                    </summary>
                </example>
                Success
            </response>
            <security type="apiKey" name="x-functions-key">
                <description>Azure function key</description>
                <in>header</in>
            </security>
            <returns></returns>
        </member>
        <member name="M:Luna.Gallery.Functions.GalleryServiceFunctions.DeleteApplicationPublisher(Microsoft.AspNetCore.Http.HttpRequest,System.String)">
            <summary>
            Delete a publisher
            </summary>
            <group>Applicaton Publisher</group>
            <verb>DELETE</verb>
            <url>http://localhost:7071/api/applicationpublishers/{name}</url>
            <param name="name" required="true" cref="T:System.String" in="path">Name of the webhook</param>
            <param name="req">The http request</param>
            <response code="204">Success</response>
            <security type="apiKey" name="x-functions-key">
                <description>Azure function key</description>
                <in>header</in>
            </security>
            <returns></returns>
        </member>
        <member name="M:Luna.Gallery.Functions.GalleryServiceFunctions.GetApplicationPublisher(Microsoft.AspNetCore.Http.HttpRequest,System.String)">
            <summary>
            Get a publisher
            </summary>
            <group>Applicaton Publisher</group>
            <verb>GET</verb>
            <url>http://localhost:7071/api/applicationpublishers/{name}</url>
            <param name="name" required="true" cref="T:System.String" in="path">Name of the webhook</param>
            <param name="req">http request</param>
            <response code="200">
                <see cref="T:Luna.Gallery.Public.Client.ApplicationPublisher"/>
                <example>
                    <value>
                        <see cref="F:Luna.Gallery.Public.Client.ApplicationPublisher.example"/>
                    </value>
                    <summary>
                        An example of application publisher
                    </summary>
                </example>
                Success
            </response>
            <security type="apiKey" name="x-functions-key">
                <description>Azure function key</description>
                <in>header</in>
            </security>
            <returns></returns>
        </member>
        <member name="M:Luna.Gallery.Functions.GalleryServiceFunctions.ListApplicationPublishers(Microsoft.AspNetCore.Http.HttpRequest)">
            <summary>
            List publishers
            </summary>
            <group>Applicaton Publisher</group>
            <verb>GET</verb>
            <url>http://localhost:7071/api/applicationpublishers</url>
            <param name="type" required="false" cref="T:System.String" in="query">Type of the publisher</param>
            <param name="req">http request</param>
            <response code="200">
                <see cref="T:System.Collections.Generic.List`1"/>
                where T is <see cref="T:Luna.Gallery.Public.Client.ApplicationPublisher"/>
                <example>
                    <value>
                        <see cref="F:Luna.Gallery.Public.Client.ApplicationPublisher.example"/>
                    </value>
                    <summary>
                        An example of application publisher
                    </summary>
                </example>
                Success
            </response>
            <security type="apiKey" name="x-functions-key">
                <description>Azure function key</description>
                <in>header</in>
            </security>
            <returns></returns>
        </member>
        <member name="M:Luna.Gallery.Functions.GalleryServiceFunctions.ListPublishedApplications(Microsoft.AspNetCore.Http.HttpRequest)">
            <summary>
            List published applications
            </summary>
            <group>Application</group>
            <verb>GET</verb>
            <url>http://localhost:7071/api/applications</url>
            <param name="req">Http request</param>
            <response code="200">
                <see cref="T:System.Collections.Generic.List`1"/>
                where T is <see cref="T:Luna.Gallery.Public.Client.PublishedLunaApplication"/>
                <example>
                    <value>
                        <see cref="F:Luna.Gallery.Public.Client.PublishedLunaApplication.example"/>
                    </value>
                    <summary>
                        An example of published Luna application
                    </summary>
                </example>
                Success
            </response>
            <security type="apiKey" name="x-functions-key">
                <description>Azure function key</description>
                <in>header</in>
            </security>
            <returns></returns>
        </member>
        <member name="M:Luna.Gallery.Functions.GalleryServiceFunctions.GetRecommendedApplications(Microsoft.AspNetCore.Http.HttpRequest,System.String)">
            <summary>
            Get recommended Luna applications
            </summary>
            <group>Application</group>
            <verb>GET</verb>
            <url>http://localhost:7071/api/applications/{name}/recommended</url>
            <param name="name" required="true" cref="T:System.String" in="path">Name of Luna application</param>
            <param name="req">Http request</param>
            <response code="200">
                <see cref="T:System.Collections.Generic.List`1"/>
                where T is <see cref="T:Luna.Gallery.Public.Client.PublishedLunaApplication"/>
                <example>
                    <value>
                        <see cref="F:Luna.Gallery.Public.Client.PublishedLunaApplication.example"/>
                    </value>
                    <summary>
                        An example of published Luna application
                    </summary>
                </example>
                Success
            </response>
            <security type="apiKey" name="x-functions-key">
                <description>Azure function key</description>
                <in>header</in>
            </security>
            <returns></returns>
        </member>
        <member name="M:Luna.Gallery.Functions.GalleryServiceFunctions.GetPublishedApplication(Microsoft.AspNetCore.Http.HttpRequest,System.String)">
            <summary>
            Get a published Luna application
            </summary>
            <group>Application</group>
            <verb>GET</verb>
            <url>http://localhost:7071/api/applications/{name}</url>
            <param name="name" required="true" cref="T:System.String" in="path">Name of Luna application</param>
            <param name="req">Http request</param>
            <response code="200">
                <see cref="T:Luna.Gallery.Public.Client.PublishedLunaApplication"/>
                <example>
                    <value>
                        <see cref="F:Luna.Gallery.Public.Client.PublishedLunaApplication.example"/>
                    </value>
                    <summary>
                        An example of published Luna application
                    </summary>
                </example>
                Success
            </response>
            <security type="apiKey" name="x-functions-key">
                <description>Azure function key</description>
                <in>header</in>
            </security>
            <returns></returns>
        </member>
        <member name="M:Luna.Gallery.Functions.GalleryServiceFunctions.GetApplicationSwagger(Microsoft.AspNetCore.Http.HttpRequest,System.String)">
            <summary>
            Get swagger in JSON format for a published Luna application
            </summary>
            <group>Application</group>
            <verb>GET</verb>
            <url>http://localhost:7071/api/applications/{name}/swagger</url>
            <param name="name" required="true" cref="T:System.String" in="path">Name of Luna application</param>
            <param name="req">Http request</param>
            <response code="200">
                Success
            </response>
            <security type="apiKey" name="x-functions-key">
                <description>Azure function key</description>
                <in>header</in>
            </security>
            <returns></returns>
        </member>
        <member name="M:Luna.Gallery.Functions.GalleryServiceFunctions.CreateSubscription(Microsoft.AspNetCore.Http.HttpRequest,System.String,System.String)">
            <summary>
            Create a subscription of a published Luna application
            </summary>
            <group>Subscription</group>
            <verb>PUT</verb>
            <url>http://localhost:7071/api/applications/{appName}/subscriptions/{subscriptionName}</url>
            <param name="appName" required="true" cref="T:System.String" in="path">Name of Luna application</param>
            <param name="subscriptionName" required="true" cref="T:System.String" in="path">Name of the subscription</param>
            <param name="Luna-User-Id-User-Id" required="true" cref="T:System.String" in="header">The user id of the creator</param>
            <param name="req">The http request</param>
            <response code="200">
                <see cref="T:Luna.Gallery.Public.Client.LunaApplicationSubscription"/>
                <example>
                    <value>
                        <see cref="F:Luna.Gallery.Public.Client.LunaApplicationSubscription.example"/>
                    </value>
                    <summary>
                        An example of Luna application subscription
                    </summary>
                </example>
                Success
            </response>
            <security type="apiKey" name="x-functions-key">
                <description>Azure function key</description>
                <in>header</in>
            </security>
            <returns></returns>
        </member>
        <member name="M:Luna.Gallery.Functions.GalleryServiceFunctions.ListSubscriptions(Microsoft.AspNetCore.Http.HttpRequest,System.String)">
            <summary>
            List all subscriptions of a published Luna application
            </summary>
            <group>Subscription</group>
            <verb>GET</verb>
            <url>http://localhost:7071/api/applications/{appName}/subscriptions</url>
            <param name="appName" required="true" cref="T:System.String" in="path">Name of Luna application</param>
            <param name="Luna-User-Id-User-Id" required="true" cref="T:System.String" in="header">The user id of the caller</param>
            <param name="req">The http request</param>
            <response code="200">
                <see cref="T:System.Collections.Generic.List`1"/>
                where T is <see cref="T:Luna.Gallery.Public.Client.LunaApplicationSubscription"/>
                <example>
                    <value>
                        <see cref="F:Luna.Gallery.Public.Client.LunaApplicationSubscription.example"/>
                    </value>
                    <summary>
                        An example of Luna application subscription
                    </summary>
                </example>
                Success
            </response>
            <security type="apiKey" name="x-functions-key">
                <description>Azure function key</description>
                <in>header</in>
            </security>
            <returns></returns>
        </member>
        <member name="M:Luna.Gallery.Functions.GalleryServiceFunctions.GetSubscription(Microsoft.AspNetCore.Http.HttpRequest,System.String,System.String)">
            <summary>
            Get a subscription of a published Luna application
            </summary>
            <group>Subscription</group>
            <verb>GET</verb>
            <url>http://localhost:7071/api/applications/{appName}/subscriptions/{subscriptionNameOrId}</url>
            <param name="appName" required="true" cref="T:System.String" in="path">Name of Luna application</param>
            <param name="subscriptionNameOrId" required="true" cref="T:System.String" in="path">Name or id of the subscription</param>
            <param name="Luna-User-Id-User-Id" required="true" cref="T:System.String" in="header">The user id of the creator</param>
            <param name="req">The http request</param>
            <response code="200">
                <see cref="T:Luna.Gallery.Public.Client.LunaApplicationSubscription"/>
                <example>
                    <value>
                        <see cref="F:Luna.Gallery.Public.Client.LunaApplicationSubscription.example"/>
                    </value>
                    <summary>
                        An example of Luna application subscription
                    </summary>
                </example>
                Success
            </response>
            <security type="apiKey" name="x-functions-key">
                <description>Azure function key</description>
                <in>header</in>
            </security>
            <returns></returns>
        </member>
        <member name="M:Luna.Gallery.Functions.GalleryServiceFunctions.DeleteSubscription(Microsoft.AspNetCore.Http.HttpRequest,System.String,System.String)">
            <summary>
            Delete a subscription of a published Luna application
            </summary>
            <group>Subscription</group>
            <verb>DELETE</verb>
            <url>http://localhost:7071/api/applications/{appName}/subscriptions/{subscriptionNameOrId}</url>
            <param name="appName" required="true" cref="T:System.String" in="path">Name of Luna application</param>
            <param name="subscriptionNameOrId" required="true" cref="T:System.String" in="path">Name or id of the subscription</param>
            <param name="Luna-User-Id-User-Id" required="true" cref="T:System.String" in="header">The user id of the creator</param>
            <param name="req">The http request</param>
            <response code="204">Success</response>
            <security type="apiKey" name="x-functions-key">
                <description>Azure function key</description>
                <in>header</in>
            </security>
            <returns></returns>
        </member>
        <member name="M:Luna.Gallery.Functions.GalleryServiceFunctions.UpdateSubscriptionNotes(Microsoft.AspNetCore.Http.HttpRequest,System.String,System.String)">
            <summary>
            Update notes of a subscription
            </summary>
            <group>Subscription</group>
            <verb>POST</verb>
            <url>http://localhost:7071/api/applications/{appName}/subscriptions/{subscriptionNameOrId}/UpdateNotes</url>
            <param name="appName" required="true" cref="T:System.String" in="path">Name of Luna application</param>
            <param name="subscriptionNameOrId" required="true" cref="T:System.String" in="path">Name or id of the subscription</param>
            <param name="Luna-User-Id-User-Id" required="true" cref="T:System.String" in="header">The user id of the creator</param>
            <param name="req" in="body">
                <see cref="T:Luna.Gallery.Public.Client.LunaApplicationSubscriptionNotes"/>
                <example>
                    <value>
                        <see cref="F:Luna.Gallery.Public.Client.LunaApplicationSubscriptionNotes.example"/>
                    </value>
                    <summary>
                        An example of Luna application subscription notes
                    </summary>
                </example>
                Request contract
            </param>
            <response code="200">
                <see cref="T:Luna.Gallery.Public.Client.LunaApplicationSubscriptionNotes"/>
                <example>
                    <value>
                        <see cref="F:Luna.Gallery.Public.Client.LunaApplicationSubscriptionNotes.example"/>
                    </value>
                    <summary>
                        An example of Luna application subscription notes
                    </summary>
                </example>
                Success
            </response>
            <security type="apiKey" name="x-functions-key">
                <description>Azure function key</description>
                <in>header</in>
            </security>
            <returns></returns>
        </member>
        <member name="M:Luna.Gallery.Functions.GalleryServiceFunctions.AddSubscriptionOwner(Microsoft.AspNetCore.Http.HttpRequest,System.String,System.String)">
            <summary>
            Add owner to a subscription
            </summary>
            <group>Subscription</group>
            <verb>POST</verb>
            <url>http://localhost:7071/api/applications/{appName}/subscriptions/{subscriptionNameOrId}/AddOwner</url>
            <param name="appName" required="true" cref="T:System.String" in="path">Name of Luna application</param>
            <param name="subscriptionNameOrId" required="true" cref="T:System.String" in="path">Name or id of the subscription</param>
            <param name="Luna-User-Id-User-Id" required="true" cref="T:System.String" in="header">The user id of the creator</param>
            <param name="req" in="body">
                <see cref="T:Luna.Gallery.Public.Client.LunaApplicationSubscriptionOwner"/>
                <example>
                    <value>
                        <see cref="F:Luna.Gallery.Public.Client.LunaApplicationSubscriptionOwner.example"/>
                    </value>
                    <summary>
                        An example of Luna application subscription owner
                    </summary>
                </example>
                Request contract
            </param>
            <response code="200">
                <see cref="T:Luna.Gallery.Public.Client.LunaApplicationSubscriptionOwner"/>
                <example>
                    <value>
                        <see cref="F:Luna.Gallery.Public.Client.LunaApplicationSubscriptionOwner.example"/>
                    </value>
                    <summary>
                        An example of Luna application subscription owner
                    </summary>
                </example>
                Success
            </response>
            <security type="apiKey" name="x-functions-key">
                <description>Azure function key</description>
                <in>header</in>
            </security>
            <returns></returns>
        </member>
        <member name="M:Luna.Gallery.Functions.GalleryServiceFunctions.RegenerateSubscriptionKey(Microsoft.AspNetCore.Http.HttpRequest,System.String,System.String)">
            <summary>
            Regenerate a subscription key
            </summary>
            <group>Subscription</group>
            <verb>POST</verb>
            <url>http://localhost:7071/api/applications/{appName}/subscriptions/{subscriptionNameOrId}/RegenerateKey</url>
            <param name="appName" required="true" cref="T:System.String" in="path">Name of Luna application</param>
            <param name="subscriptionNameOrId" required="true" cref="T:System.String" in="path">Name or id of the subscription</param>
            <param name="key-name-name" required="true" cref="T:System.String" in="query">The name of the key. Either PrimaryKey or SecondaryKey</param>
            <param name="Luna-User-Id-User-Id" required="true" cref="T:System.String" in="header">The user id of the creator</param>
            <param name="req">The http request</param>
            <response code="200">
                <see cref="T:Luna.Gallery.Public.Client.LunaApplicationSubscriptionKeys"/>
                <example>
                    <value>
                        <see cref="F:Luna.Gallery.Public.Client.LunaApplicationSubscriptionKeys.example"/>
                    </value>
                    <summary>
                        An example of Luna application subscription keys
                    </summary>
                </example>
                Success
            </response>
            <security type="apiKey" name="x-functions-key">
                <description>Azure function key</description>
                <in>header</in>
            </security>
            <returns></returns>
        </member>
        <member name="M:Luna.Gallery.Functions.GalleryServiceFunctions.RemoveSubscriptionOwner(Microsoft.AspNetCore.Http.HttpRequest,System.String,System.String)">
            <summary>
            Remove owner to a subscription
            </summary>
            <group>Subscription</group>
            <verb>POST</verb>
            <url>http://localhost:7071/api/applications/{appName}/subscriptions/{subscriptionNameOrId}/RemoveOwner</url>
            <param name="appName" required="true" cref="T:System.String" in="path">Name of Luna application</param>
            <param name="subscriptionNameOrId" required="true" cref="T:System.String" in="path">Name or id of the subscription</param>
            <param name="Luna-User-Id-User-Id" required="true" cref="T:System.String" in="header">The user id of the creator</param>
            <param name="req" in="body">
                <see cref="T:Luna.Gallery.Public.Client.LunaApplicationSubscriptionOwner"/>
                <example>
                    <value>
                        <see cref="F:Luna.Gallery.Public.Client.LunaApplicationSubscriptionOwner.example"/>
                    </value>
                    <summary>
                        An example of Luna application subscription owner
                    </summary>
                </example>
                Request contract
            </param>
            <response code="200">
                <see cref="T:Luna.Gallery.Public.Client.LunaApplicationSubscriptionOwner"/>
                <example>
                    <value>
                        <see cref="F:Luna.Gallery.Public.Client.LunaApplicationSubscriptionOwner.example"/>
                    </value>
                    <summary>
                        An example of Luna application subscription owner
                    </summary>
                </example>
                Success
            </response>
            <security type="apiKey" name="x-functions-key">
                <description>Azure function key</description>
                <in>header</in>
            </security>
            <returns></returns>
        </member>
        <member name="M:Luna.Gallery.Functions.GalleryServiceFunctions.GetMarketplaceParameters(Microsoft.AspNetCore.Http.HttpRequest,System.String,System.String)">
            <summary>
            Get parameters
            </summary>
            <group>Azure Marketplace</group>
            <verb>GET</verb>
            <url>http://localhost:7071/api/marketplace/offers/{offerId}/plans/{planId}/parameters</url>
            <param name="offerId" required="true" cref="T:System.String" in="path">The offer ID</param>
            <param name="planId" required="true" cref="T:System.String" in="path">The plan ID</param>
            <param name="req">Http request</param>
            <response code="200">
                <see cref="T:System.Collections.Generic.List`1"/>
                where T is <see cref="T:Luna.Publish.Public.Client.MarketplaceParameter"/>
                <example>
                    <value>
                        <see cref="F:Luna.Publish.Public.Client.MarketplaceParameter.example"/>
                    </value>
                    <summary>
                        An example of a marketplace subscription
                    </summary>
                </example>
                Success
            </response>
            <security type="apiKey" name="x-functions-key">
                <description>Azure function key</description>
                <in>header</in>
            </security>
            <returns></returns>
        </member>
        <member name="M:Luna.Gallery.Functions.GalleryServiceFunctions.ResolveMarketplaceSubscription(Microsoft.AspNetCore.Http.HttpRequest)">
            <summary>
            Resolve Azure Marketplace subscription from token
            </summary>
            <group>Azure Marketplace</group>
            <verb>POST</verb>
            <url>http://localhost:7071/api/marketplace/subscriptions/resolveToken</url>
            <param name="req" in="body"><see cref="T:System.String"/>Token</param>
            <response code="200">
                <see cref="T:Luna.Gallery.Public.Client.MarketplaceSubscription"/>
                <example>
                    <value>
                        <see cref="F:Luna.Gallery.Public.Client.MarketplaceSubscription.example"/>
                    </value>
                    <summary>
                        An example of a marketplace subscription
                    </summary>
                </example>
                Success
            </response>
            <security type="apiKey" name="x-functions-key">
                <description>Azure function key</description>
                <in>header</in>
            </security>
            <returns></returns>
        </member>
        <member name="M:Luna.Gallery.Functions.GalleryServiceFunctions.CreateMarketplaceSubscription(Microsoft.AspNetCore.Http.HttpRequest,System.Guid)">
            <summary>
            Create Azure Marketplace subscription
            </summary>
            <group>Azure Marketplace</group>
            <verb>PUT</verb>
            <url>http://localhost:7071/api/marketplace/subscriptions/{subscriptionId}</url>
            <param name="subscriptionId" required="true" cref="T:System.String" in="path">ID of the subscription</param>
            <param name="req" in="body">
                <see cref="T:Luna.Gallery.Public.Client.MarketplaceSubscription"/>
                <example>
                    <value>
                        <see cref="F:Luna.Gallery.Public.Client.MarketplaceSubscription.example"/>
                    </value>
                    <summary>
                        An example of a marketplace subscription
                    </summary>
                </example>
                The subscription
            </param>
            <response code="200">
                <see cref="T:Luna.Gallery.Public.Client.MarketplaceSubscription"/>
                <example>
                    <value>
                        <see cref="F:Luna.Gallery.Public.Client.MarketplaceSubscription.example"/>
                    </value>
                    <summary>
                        An example of a marketplace subscription
                    </summary>
                </example>
                Success
            </response>
            <security type="apiKey" name="x-functions-key">
                <description>Azure function key</description>
                <in>header</in>
            </security>
            <returns></returns>
        </member>
        <member name="M:Luna.Gallery.Functions.GalleryServiceFunctions.ActivateMarketplaceSubscription(Microsoft.AspNetCore.Http.HttpRequest,System.Guid)">
            <summary>
            Activate a Azure Marketplace subscription
            </summary>
            <group>Azure Marketplace</group>
            <verb>POST</verb>
            <url>http://localhost:7071/api/marketplace/subscriptions/{subscriptionId}/activate</url>
            <param name="subscriptionId" required="true" cref="T:System.String" in="path">ID of the subscription</param>
            <param name="req">http request</param>
            <response code="204">Success</response>
            <security type="apiKey" name="x-functions-key">
                <description>Azure function key</description>
                <in>header</in>
            </security>
            <returns></returns>
        </member>
        <member name="M:Luna.Gallery.Functions.GalleryServiceFunctions.UnsubscribeMarketplaceSubscription(Microsoft.AspNetCore.Http.HttpRequest,System.Guid)">
            <summary>
            Unsubscribe a Azure Marketplace subscription
            </summary>
            <group>Azure Marketplace</group>
            <verb>DELETE</verb>
            <url>http://localhost:7071/api/marketplace/subscriptions/{subscriptionId}</url>
            <param name="subscriptionId" required="true" cref="T:System.String" in="path">ID of the subscription</param>
            <param name="req">http request</param>
            <response code="204">Success</response>
            <security type="apiKey" name="x-functions-key">
                <description>Azure function key</description>
                <in>header</in>
            </security>
            <returns></returns>
        </member>
    </members>
</doc>
