<?xml version="1.0"?>
<doc>
    <assembly>
        <name>Luna.RBAC.Functions</name>
    </assembly>
    <members>
        <member name="T:Luna.RBAC.RBACFunctions">
            <summary>
            The service maintains all RBAC rules
            </summary>
        </member>
        <member name="M:Luna.RBAC.RBACFunctions.AddRoleAssignment(Microsoft.AspNetCore.Http.HttpRequest)">
            <summary>
            Add role assignment
            </summary>
            <group>Role Assignment</group>
            <verb>POST</verb>
            <url>http://localhost:7071/api/roleassignments/add</url>
            <param name="req" in="body">
                <see cref="T:Luna.RBAC.Public.Client.DataContracts.RoleAssignment"/>
                <example>
                    <value>
                        <see cref="F:Luna.RBAC.Public.Client.DataContracts.RoleAssignment.example"/>
                    </value>
                    <summary>
                        An example of role assignment
                    </summary>
                </example>
                Request contract
            </param>
            <response code="200"><see cref="T:Luna.RBAC.Public.Client.DataContracts.RoleAssignment"/>Success</response>
            <security type="apiKey" name="x-functions-key">
                <description>Azure function key</description>
                <in>header</in>
            </security>
            <returns></returns>
        </member>
        <member name="M:Luna.RBAC.RBACFunctions.RemoveRoleAssignment(Microsoft.AspNetCore.Http.HttpRequest)">
            <summary>
            Remove role assignment
            </summary>
            <group>Role Assignment</group>
            <verb>POST</verb>
            <url>http://localhost:7071/api/roleassignments/remove</url>
            <param name="req" in="body">
                <see cref="T:Luna.RBAC.Public.Client.DataContracts.RoleAssignment"/>
                <example>
                    <value>
                        <see cref="F:Luna.RBAC.Public.Client.DataContracts.RoleAssignment.example"/>
                    </value>
                    <summary>
                        An example of role assignment
                    </summary>
                </example>
                Request contract
            </param>
            <response code="204">Success</response>
            <security type="apiKey" name="x-functions-key">
                <description>Azure function key</description>
                <in>header</in>
            </security>
            <returns></returns>
        </member>
        <member name="M:Luna.RBAC.RBACFunctions.AssignOwnership(Microsoft.AspNetCore.Http.HttpRequest)">
            <summary>
            Assign ownership
            </summary>
            <group>Ownership</group>
            <verb>POST</verb>
            <url>http://localhost:7071/api/ownership/add</url>
            <param name="req" in="body">
                <see cref="T:Luna.RBAC.Public.Client.DataContracts.Ownership"/>
                <example>
                    <value>
                        <see cref="F:Luna.RBAC.Public.Client.DataContracts.Ownership.example"/>
                    </value>
                    <summary>
                        An example of ownership
                    </summary>
                </example>
                Request contract
            </param>
            <response code="200"><see cref="T:Luna.RBAC.Public.Client.DataContracts.Ownership"/>Success</response>
            <security type="apiKey" name="x-functions-key">
                <description>Azure function key</description>
                <in>header</in>
            </security>
            <returns></returns>
        </member>
        <member name="M:Luna.RBAC.RBACFunctions.RemoveOwnership(Microsoft.AspNetCore.Http.HttpRequest)">
            <summary>
            Remove ownership
            </summary>
            <group>Ownership</group>
            <verb>POST</verb>
            <url>http://localhost:7071/api/ownership/remove</url>
            <param name="req" in="body">
                <see cref="T:Luna.RBAC.Public.Client.DataContracts.Ownership"/>
                <example>
                    <value>
                        <see cref="F:Luna.RBAC.Public.Client.DataContracts.Ownership.example"/>
                    </value>
                    <summary>
                        An example of ownership
                    </summary>
                </example>
                Request contract
            </param>
            <response code="204">Success</response>
            <security type="apiKey" name="x-functions-key">
                <description>Azure function key</description>
                <in>header</in>
            </security>
            <returns></returns>
        </member>
        <member name="M:Luna.RBAC.RBACFunctions.CanAccess(Microsoft.AspNetCore.Http.HttpRequest)">
            <summary>
            Check if a user can access the specified resource and action
            </summary>
            <group>Access Control</group>
            <verb>POST</verb>
            <url>http://localhost:7071/api/canaccess</url>
            <param name="req" in="body">
                <see cref="T:Luna.RBAC.Public.Client.DataContracts.RBACQuery"/>
                <example>
                    <value>
                        <see cref="F:Luna.RBAC.Public.Client.DataContracts.RBACQuery.example"/>
                    </value>
                    <summary>
                        An example of RBAC query
                    </summary>
                </example>
                Request contract
            </param>
            <response code="200">
                <see cref="T:Luna.RBAC.Public.Client.DataContracts.RBACQueryResult"/>
                <example>
                    <value>
                        <see cref="F:Luna.RBAC.Public.Client.DataContracts.RBACQueryResult.example"/>
                    </value>
                    <summary>
                        An example of RBAC query result
                    </summary>
                </example>
                Success
            </response>
            <security type="apiKey" name="x-functions-key">
                <description>Azure function key</description>
                <in>header</in>
            </security>
            <returns></returns>
        </member>
    </members>
</doc>
