{
  "generatedBy": "Microsoft.NET.Sdk.Functions-3.0.13",
  "configurationSource": "attributes",
  "bindings": [
    {
      "type": "httpTrigger",
      "route": "partnerServices/{serviceName}/mlcomponents/{componentType}",
      "methods": [
        "get"
      ],
      "authLevel": "function",
      "name": "req"
    }
  ],
  "disabled": false,
  "scriptFile": "../bin/Luna.Partner.Functions.dll",
  "entryPoint": "Luna.Partner.Functions.PartnerServiceFunctions.GetMLComponents"
}